PID,FirstName,LastName,Gender,Age,Country,NationalRegistryNumber,deceased
0,qvxmuqnw,rhtctdrvsubzcvyv,male,99,BE,cpycadxrbghkzttrowbcdnmf,alive
1,jlgzzzdn,vogsbxzlsfcbahhh,male,61,NL,vkskwdpdvovsxezlmycidcno,dead
2,osnvxixv,eolafwhnhlmghgwf,male,83,BE,qyayytuvbtbzvkzynkonylhk,yes
3,rqdodvyz,fiypeoflcnspvlkg,male,37,DE,xuptjsdlybumqvrawdgagdot,no
4,pyyhnuyu,cmszwsnhiqdpbifx,male,9,NL,bavmswhqhwtfnvhhutabnfqs,no
5,rpxyscgi,faioaeefxifmocgv,male,8,BE,vfptlmlhtrlebfxbvtzhysmk,alive
6,rmgzdifs,ixwqmzsxdcfdhldq,male,18,BE,errxwecymorzxlfanpijadkz,dead
7,ieyyiqsn,qiprhqvegyvjzlav,female,52,BE,rnlxqnphtwrqdariodrovung,no
8,sttfcxyi,nguxpgoqwgarvslj,female,8,BE,sluueunluqmnvptbvdbolgpn,yes
9,flfzmerc,epzakazcxgwpxpwq,female,59,BE,oprxtfzklvyndoxadutwcrlj,no
10,mbfuerjg,qrmaebcgkgnixhul,female,73,NL,fscdzidnrfsxcjjgaduahvgk,
11,txwazybt,qxesmpdqcuweghcl,male,25,BE,yloilojxltmwzcunyuqdycqi,no
12,rxorkbwo,rhzguussyhjvmuda,female,19,BE,aduwddhszjzrrdgzpoikownm,no
13,qrplrazp,kvodirnwnjzfoziz,female,34,BE,hwntlwbvpagcivtnhmfnhmza,No
14,waijuaey,xmtpainzsppsgjpq,female,61,BE,owqhhmbgnhtiuwsacxkcwopi,no
15,frtdbbrx,eqtcmdudasxoqpro,female,45,BE,smskucudlekdoofatsivsnqm,true
16,azeevaoh,tghoohjyjnuosdtg,male,0,BE,esuilcyibaituneybbmcckdm,no
17,lhmezwrg,dexkvkpfrxlzsopi,male,53,BE,ecoioelqlayustlmzhhhimcl,true
18,eqsjvuia,pyqvfajxhmckdadh,female,88,FR,bldwlbuecxdkhsnsxucphmpu,no
19,nkiwqneq,llyduvtjdrwvzths,female,78,BE,clueylhpzttfnxcvtocplrdh,no
20,qqioymmq,cbueqquawgwvasuv,male,74,BE,ujdgvflyiyonrvnzavwefzfb,no
21,amhqewdn,qwfrhpoqetpuapdj,female,82,NL,anhjgavwxboepzwngjfmwgvi,no
22,vnjwjvwv,zfwtbpjzqbymvdkf,female,22,BE,nweotaiuqliuicsplffibdez,yes
23,cbfpprui,jhmuynywdsqhonth,female,67,BE,pcskalboeoyybgiycjaosswg,alive
24,nlidvnfx,kjbxnvtnpqrvkdrq,male,75,BE,iigaiawomijectsndiiotciv,No
25,meppqoqv,xrsdpdvtgxgfwejw,female,65,BE,jvzoyiyytyufpjoxsmptbcoh,N/A
26,relaxkid,mckpryvxknzweddr,male,73,BE,gspldarmzbkjrhxsrthqevss,Alive
27,fjgxyxpn,lhpsbwtxxykvsnkq,male,33,BE,lrznhaplaetmxyfaddsrfnkr,Yes
28,qliregbo,ccyiywrelcoifcnm,male,21,BE,ydfeoijdzjykwcwogpumnemn,dead
29,dvrkmxcs,dllpajttzplzfdhe,female,73,BE,xphmjchraajghwirrkujfqqc,no
30,enaapvtd,huwxiimskepttqux,female,68,BE,eqmnvuupeirmyngnxwsxopwn,alive
31,yfdptqxe,brentuqceaajsysz,male,93,BE,jfsgpilnmuzicwdpqwgyztni,na
32,adfzjwhh,vyxjnerfghhnzrnh,male,2,BE,spufseuuduweenftwxolszga,na
33,jnsmxdnm,cqezeqrbsiyktmkf,male,84,DE,ueuwlvoamdafphbdqfmhpehh,Alive
34,ekaidlir,vmftnbufuvkucimk,N/A,64,BE,xbjethxqotjtqinjoaqlgkhg,na
35,dtnebwaw,nyqxstijtrwyokqr,female,10,BE,azvkmqpxnziflequpoqkttbr,alive
36,oqwepwuu,yytbepeahgrycvct,female,48,BE,evpdnvlknugugdfmqklpuqix,dead
37,sgffqizt,lwxkomhpcpjsihft,female,4,FR,zkdpguqgrzamwdwzpkbewxcy,yes
38,bflaorzs,hgkopkhhcuvxbeer,female,91,BE,ztrkbgpyhlvebkesshzfbzsk,no
39,kdwyiwal,qodadwjcvqhzbxoc,male,44,NL,cppsnxqrbpxhfyihejvxtlkr,Alive
40,fqbypoly,ggkbubejpjlpvlpo,female,91,BE,soguhhgtvfbouoaofvifpifu,no
41,klpdjvdk,gthzrlyztfqbhsna,female,46,BE,yfmxxmxmozsgplaxrkzcqzhg,
42,gxdufkmm,dkszrtuucdngskxe,male,3,BE,yoclgaogqidgvpkwdjjgkyxy,yes
43,kdrkedqm,qtrxpboelnttoknt,male,3,BE,lrtifvtnsrfcotkygprhmbua,Alive
44,bytwfctf,zsmvblazaduoluez,male,31,BE,muuqreeliskxmxjmqmvvixpu,Alive
45,zhqpgkcp,gjivmnkclrmbmdwc,female,78,BE,hyxkctzjcpuvorwqwmwxtbdn,no
46,tsfxrjre,mqzvomqchzyqquhl,male,33,BE,glyjfacmjglvmqiinbplsqib,N/A
47,thouahke,gjdnsdfkydzthvoi,female,17,BE,xehyjzggtorqllhnughdfzhv,no
48,baiaqizs,xkidbkhwkvwrcnio,female,29,NL,iilnxtnpfmbvrhtzsceelxuu,no
49,fyxismvj,dsdxuyociywpvzlq,female,97,FR,hyrzumvtesmxowoaxsggawxx,No
50,qlufdorf,fnhzgfeuglzeizsq,female,97,BE,ydevydhsymtzswnunkqqxmpm,no
51,kubphvpb,mnooupacukghdxne,male,88,NL,fkzicagowrpnyyhhoprtptlp,Alive
52,onjivkub,tvliqarmdcdnyxjj,male,65,BE,dtmwzcgykeqxuaxqnujnpfgu,no
53,ovqahyol,gpblvdipciokteuj,female,11,BE,bssgminqisdwqovlkardvqjx,no
54,wvchmajy,hoowthfzwhevshoi,female,10,BE,zruppsstuocecgebjrptcygz,na
55,zpmgbkxi,uiyaucohctapljex,female,4,BE,ubzslpjvrbwgdgxxpdrvdoer,no
56,gouxsouw,esufhkksthcyyepz,male,99,BE,tndmbzdbhjqqvdaqemgdiujm,true
57,faxrbjda,hyapprbxttvuoxeb,female,30,BE,ozyocuseiycztrtgmkunkirm,no
58,admqldpa,ksptnhivpwezuecc,female,87,DE,lrvkpfkfndiigroqulpenvkw,no
59,chloqaga,iilvxnhuopzmmiqb,female,5,,rwhrytlszcwprysulmyylqgt,no
60,twhcaahl,tztxlqknzifnibzd,male,91,utu,nspsoqnyuxnqtvuqmelampnp,no
61,mfuollgl,jvvejntynqjiyjlm,female,42,BE,dohapqhepthbzohmisbbgexp,na
62,lbhozsvk,rnmxacrpfgqnokre,female,35,FR,mbnpvnlgdgmgxrdxquqgvsaj,Alive
63,zxmiysbm,vigabayxjqsfpawf,female,91,FR,ahjcrrpplxulnnqvaxavyfcq,yes
64,jnplohqc,iebiychvfhrliqqs,female,26,BE,plkrnydtsdoikrdqfdybnqvy,dead
65,gsgcpwoo,fbjwewgbdzoytfyj,male,80,BE,erxalfvexxeihibjjkzofowy,no
66,tharetqv,gktgrgpsnnxpefsp,male,5,BE,fhkcllkwchjarlzycpyaozwd,no
67,wkywuunm,eiospfzfsmcgwmtp,male,2,BE,bwfkyapmlvtcghkeubntdyfp,no
68,tluunjxy,herozsrrpeokiudm,female,14,BE,qzitsngtuilyxpfncxqakhlq,N/A
69,czvahptw,hfrxqykvkehkejqa,female,6,BE,jhttbbbrbxjerplofomxaedl,no
70,aoucdqql,kohjjjymhkjvsulp,female,40,BE,zlkvxiyfjxiqanvpczrxnmft,alive
71,bezjnksr,fzvvbznypuigbetd,male,75,BE,zbmppcuseemikyzqmuixxlwa,no
72,gurrpzkc,xaefykbcfvqvpgqt,female,26,BE,hzbjwqariscigvygortjmrtk,no
73,ruyqgjoa,xclsknvnxsciknhs,male,50,gub,ksbdvbpgrtdamzvpjclrtdcr,Yes
74,kfwdnlev,lzuomzpsmuefhsve,female,57,BE,agharhukdcarqxeeblhwzvwc,true
75,lecbdyjn,xwucbezmgcnwcamj,male,0,BE,hhlabxywtybixqnzrgnoccku,no
76,ngaihvqw,zqmvbnerrfszsvec,female,16,BE,iguijbwtvbevxzpdivqjqvny,no
77,cpnuunxo,xveliomgwucnkkme,female,43,BE,glgepufspiigfaqftwomgsry,no
78,bvwpmfon,vnwrkzcbuncwdher,mdv,73,NL,ewixbkysstbkzjaqfrukrhsi,na
79,iflhdfqr,susboujeeeevxipy,male,76,BE,sqnnugtckhxloiydppluhpin,no
80,tbbyclye,dulxtlplpewtrodr,female,16,BE,tlklxnujqohtppbamsmjghlr,no
81,jycafcly,qkcejednlvhmnfxu,female,50,BE,gpktbyxxckjjjobilfbswyqx,no
82,rfdtgpde,focovtmmyqbbtbhe,male,38,BE,xjtivurerxjhorordyelgaex,no
83,zadvfklr,copwtneetoolctmh,female,84,BE,qbscrajfccworcepfsmdayin,true
84,qrmmxmhr,iuklgagvqaidtiha,male,89,FR,ufarzwnrbzoxaibqnfmfaiye,Alive
85,zazkjber,berlrxafvldgcuan,male,55,BE,roblkjlfqwhfkhmhblqybsso,no
86,ztejjqtx,vnmxisxptxphqgix,male,90,DE,hkxrotolasfrcjnzpzltxgff,no
87,ykhdonxb,msytxfgesbgturlf,female,24,DE,iclkhurshgvumeksvivcwbtz,true
88,qxavdvcz,sviwxaslouactbtb,N/A,35,NL,ugvkggqqfaatnlrkeriohfzb,no
89,rigqihee,moyyxzbhxvbishsi,male,98,BE,rhfkwwstmsqemzkvnmnowyij,true
90,uaebpnsg,wyfvcgzkaexwvirp,male,97,BE,akjaqsggeaptsfmqsiyabcvc,no
91,sxeaekll,fryhzfnfgcifaliz,male,33,BE,tyrwscdyaqlvobbwgrviswox,no
92,tibayuqe,tlpogpomfwakzrqa,male,77,BE,rtpqpdmfwxpdvmncyvnkbuzq,na
93,fbcynfbv,msygveykzughuhrs,male,61,BE,hysiycqavwgqsaozebsweims,no
94,fjtlkzgz,oskzlvvkhojcuhgy,male,20,BE,rwcgpensdjlnryftvcrveita,alive
95,bvylmobu,bostgawdxjwqblkg,male,27,BE,urtctbonvooscvfswqylmtnw,no
96,aqkvidqi,ikafrxmhrsthcxji,female,19,NL,pxqtzvnkgixsrilqemhigkxo,alive
97,wcruwllq,acfvknjgjvdsrttn,male,26,BE,ketjhoijbafhsfqwhhhhxoka,no
98,zdeyjdlk,dkhzddchumqnujbb,male,32,FR,rfpevctngolofraahywolxpx,no
99,ximtucci,qvtrzbbblyoxrqrj,female,4,DE,ouiokezknnvgbqsnxzmmrpnf,N/A
100,ejercgdj,xaudmytjopohwdoz,female,36,BE,ytewnlekcjnqlobvkscpfawt,yes
101,iwtxukea,rsvigkjzjufmnpjb,female,26,BE,ahmtwtsqqcwykhxebbxgnyop,true
102,gyopxgpu,ncsgokvqfcwxewfc,female,40,NL,mwkwltyxbndwywqcbulzjlrt,no
103,cusevrit,cvewfgypjppfqxvd,female,71,BE,tcqbssmnrqgdfpabtimdrmco,dead
104,lrdzhjgb,neijvumqnjutgqwv,male,16,BE,sthzwkqxzerxoahixrtqlxnl,no
105,uvtcchvr,pgyjgychpoytpkae,female,60,BE,jmmnglzlrqbaktzwwxdfcciu,Alive
106,fdjyolot,sipcqesrndhiuwaw,female,57,,jyulqckjbxlwbjxeytpfdpep,no
107,zrmosdbf,aacijbzjiznkzkyl,male,73,BE,uhdfafgiqkzyxnskzldgbdnf,true
108,lzvfjtsu,juptqbzikqcgklsp,female,24,BE,tggatrltcbbogoxjrkhzrwig,No
109,votqrbxo,mzijnetavjgddgmx,male,39,BE,kflvsupwatdyypbqvbemstll,no
110,qdtapgas,fystchmvejreadoi,female,37,BE,ulytdudfkalihxxhdaprvkyq,no
111,ctkljxvx,bldcauqbhbsiepyh,male,26,BE,aabvkbzxqtwxsqjnqizlngxt,Yes
112,egcbqosq,odcbclthxpyfqpku,female,14,BE,bxlupenolfawbelnylciulld,na
113,imaniyae,ukvwmyjmitwffqms,male,0,BE,dtdxohinunvczszsawufglwa,N/A
114,ipcoyctl,mausisyfwookialm,female,30,DE,tyxrqyrscclodatoknuitghh,No
115,itvuwvfz,thtmpztvffchxhjo,male,80,BE,sivimmytmbldvpodujlqofpo,no
116,cdvqxvyl,ynmdmhucuuroecgk,male,61,BE,omqqvwyahygjpctgoncgtfib,no
117,kzmfrrgh,rfcdfovrdunkxcco,male,36,BE,yjyzftxcbgknjhhidciqztox,alive
118,ohalhhzr,gkxklyahjvcxpytb,female,25,BE,yqdatiaimuefvvwuzpelgdsa,no
119,qrqfugkd,gzdlsjmwcluohypl,male,73,BE,pdqqbwghkkeyzmczmcsqizzs,na
120,ggogaesh,mwbfnaxohrxltung,female,99,BE,iieigezvnzmfquhscoxtkuxe,no
121,pldfcmxo,omtfdoxwbrlyiqec,female,31,BE,bgkrlymxqjfaqjuhvfogxuzb,no
122,wsevsshm,wleutubcqyfxtdpk,male,38,BE,wbprvnuaaeynzpzvcxdbypmv,dead
123,usqjtitp,abyihoxuyvqzzoih,female,52,BE,urhpxarwpctctnfiozzhrwfk,No
124,vtpqsjre,otbndvfurbcofonz,female,24,BE,nkfyohhbcwizyqlyxtoekmls,no
125,ezfwxcmj,sglhrobolkupwtoe,male,5,BE,thhkwzgxkqgkjpfxcjxqklfc,yes
126,xhgjefyv,aaxywyglcwltrmsl,male,95,BE,kglgreyegqswdnbixjqwdadb,no
127,ynnqgksy,qdrfasozgpmpqyhs,male,54,DE,onzvynhurkddqrfhffwsasib,no
128,evfgazrq,exjznmmfvwzzberp,male,88,nbj,omfbpnkqkinbdxbabyupnfdo,
129,emdrbckh,bnspfrbljonldsay,female,81,BE,ulevnxskgvchgkvdgapxydnd,na
130,swxecaiw,mfukbiqthokxjkir,male,36,BE,ycirnbngcxyncrncosyhpthy,Alive
131,ijanwgem,ejmfziaesmvfbtul,N/A,23,BE,txdxypcpmxopnjruzqvwxnaf,na
132,huscjcoe,uiizjvrkelmkmgcb,male,48,BE,rsazxtmwvmotxgqofcrxuivr,no
133,ljygeklr,jrsoeulguuwnjffx,male,78,ncn,ngpqwpnwbhigdjupiuionevv,no
134,arcnxvpv,srodzbiulrfgscws,female,28,BE,vgiykzoyzzcrerpqmepqeehm,no
135,xisycipp,xmaizgncclgxqmwm,female,13,BE,aueyflnhkvthaqzcjjdxrcng,true
136,oxnraxvw,bxvhchdfyjqqwfga,male,20,BE,kkjsfuxfjehkwxbtvzmxtjav,Alive
137,yournwov,kuaqhgaqzhsmmxex,male,3,BE,cjcyscnxhwgicrunvtzfauiy,na
138,rhmjbtqo,teaueguzyszgqoab,female,95,BE,klgwxmapehtnijsnblibkmau,no
139,wqdhkbwh,vscbncioayuzirwz,female,94,BE,yhtixdjmiqsmqgotmyshelln,
140,ouyieonf,kopoxogjjhwxduqb,female,45,BE,aapcilbjhohffdzcycikhxmd,No
141,likfjxvh,rafrfjjxcdejxgfl,female,57,BE,qlejrhoorvrmzaowcalppknz,no
142,izfowpku,vomyfqxnvwbjcylh,male,6,BE,wkhxfjngdjapvcqrmxdvcdut,na
143,eqhyyywu,eaxvhcawknqgzfbb,male,2,BE,ksqurcpgfdgiunnwgrgwusjy,no
144,foagzkvf,mfuuzwcvquaywllx,male,6,BE,qnsnwidozuxzprinfrlpwuyk,Alive
145,kvgprjms,rcweubkplzmkqiex,female,0,BE,ecxtimbzswcxirzyikaajbvs,yes
146,rdkcsjlu,lztrmmjvufmdmxyr,male,22,BE,kxepnpswvsfzvqygefauthtg,yes
147,igvjshbw,ovprelqdtfuszzit,female,88,BE,anobfdlvgvzmxwcpiyeucafl,no
148,uldovxiv,fowxjdsgvtmilbau,female,64,BE,gdmjrsqgmgylypvwejtvvjwk,no
149,wuwzvmxc,cncgvhdkrudwmszg,female,38,BE,bpejbqilsijfomvjebxawtlh,no
150,wfwklabo,kzoopvjetdaxpoza,male,86,DE,iknmigcnwkwitvtaavbtolxf,no
151,janbjbwj,wybegrjvmfwhoncq,female,11,hrm,akqqmksoaymqoucdgfzgkfsb,true
152,tekiooix,tvrdmmhdtiaogqpp,female,50,BE,iayohqzlqexfhivrxikdazin,yes
153,ehdieuer,vdvfpoviqlbydyky,female,76,BE,vieggdvhsiewqfunkfbiyvys,no
154,falyrtlm,fpzcskhrhmdzwndr,female,95,NL,hufadtixwowjllpehrnrggkx,no
155,cegppsro,ipfzrqmzfbongwwc,female,6,BE,qquugulrsjontxmgctwytnys,alive
156,cjewkyfi,lndtdlohuqpsyiin,N/A,36,BE,jhpwxxcqqxnwdopsthvvkrra,na
157,cxhiiiph,smumwpghvtrprssp,female,37,BE,ejhipbwsjigklscztectrcvm,no
158,ikheeyey,senjxmgeeqvijzoy,male,77,BE,wsqcsazmrrgsybtbparhasmf,alive
159,ffhanwdb,qlkftugjrwgvsayl,female,79,FR,unqgcanlijaqwguuywnlchub,no
160,ddpysiav,khoclokyqckrrgnb,female,88,BE,voowmfabjdzlqjjoefoqiduy,true
161,gysthqyu,otfoyaoojbtrwhmc,female,27,BE,fcxnzipsxoxpqnvjzdxdodpl,N/A
162,pkvkbvkg,ymlqiowarbomlaoh,male,86,BE,jzcndsmacpnjtgubxrweoanr,no
163,irxjrqbx,xwfzfbvbvkjmxfmv,female,22,BE,ntbjxxmlkwrefuifsbyzylzo,N/A
164,eujancfo,iczcossguivmzsfg,female,54,BE,oawvfatdjocauuwnigxbelhj,
165,xhdipktn,nhvqsoweyziipucc,male,88,BE,tmvsbsoykdaudtrkfjmtvfah,no
166,tfqiqkid,okhgydbemgnfwqqp,female,57,BE,geuklywzyhaemtnwezencfzx,no
167,owsamswb,evtqyklkamfapojw,male,34,BE,qjbxhpwlcywunxstctqbfzjy,Alive
168,nirrwxqx,cxsswkaqrqpfwkpx,male,49,BE,bkgwkxqyiarmfhpiutzvjlzm,na
169,lxpeckdp,znpewbhriezkblin,female,98,BE,qljyjwzdedzldspefvpomcut,no
170,ltwldmnn,uacsufgscuzvokdt,male,96,BE,gijfghdmwptonldgvncbzikx,na
171,dntawpyf,ljcrurqdpbqbxuwm,male,35,DE,dmtrhlmnvjbnsnkcxrcegzaz,no
172,dnrwcesk,bzbdxycxatzivtjr,male,4,BE,etjwoiwktholezjjeaijavlr,no
173,uaqmqyqm,ilgmemhjtgyjhymn,male,96,BE,vpvfrpfzoyhjqgwxozpjtrop,no
174,msunqurv,bisshyhjlbkouyan,male,59,,aprgcnimbaryabseumnztutk,Alive
175,mcmhejgc,xwmkcgvmthkvrvni,male,34,BE,drtstqcfiegncbvfktgsnooq,na
176,qmlwspnh,ixfnwcrpcadmqelp,female,92,BE,lmkupofronaouurlnzqrtaxd,no
177,kozyskko,ufbqdbohepwmelct,male,31,BE,pixsdkfswcufsrcijvdvxlon,alive
178,ngpeuxtz,kuattylprzmppdlm,male,79,BE,sbezlxrccwfdcmolztatvjgs,Alive
179,ysdhbeyc,cdmebbedinggxxlf,female,0,zgu,oxiadmfiupgcgzpbnitpsglt,no
180,bzbvvllb,hjsdkszlucdytpvr,male,39,BE,nxjhvjbptwjzwgbuceqefyzj,no
181,cpnlsqsv,rekwhbmxcusbpxbk,male,58,NL,nailacskliugfborkphjssqx,no
182,hrqphvdo,srjzzsfoybgekzzf,male,37,BE,aujyhcfazesyptpiqiqtuuin,no
183,bjodtstl,uiihuawtdnohkmvx,male,47,BE,owbgsjzawruibknyydjzshxr,No
184,uvarcgvi,vspigmmwybxazyro,male,30,BE,lwlrtzmiqucddfhhghgquljo,no
185,iektnhbe,fxnktqpxynglfndh,male,32,BE,bzsukacfuactharrljqammna,No
186,znkbtkzk,smpwvlntmikfgqfw,female,67,NL,mpnmvnpswlheexwmkzcaqesj,Yes
187,xcgnpqmq,swwpyydjdkjleovh,female,61,BE,bkrmvruydlnocypexdhpwnaz,alive
188,knkpspla,kerrmbyxhivbztjw,female,27,BE,lycvzgrjjmslrijtxywhetjs,no
189,levnbmbu,ynzwbnwaqtsajxrr,N/A,66,BE,cawurnifeuqeyhyjbfhpjkwx,no
190,vteolesp,znaaupkzrxmcugpe,female,8,BE,mqihtcvqnigogfwhrizmcbme,
191,icupvzoh,ktfzffjhftszaxze,male,43,BE,afohcwvcluzxaerthciswzpz,No
192,oditfmte,wclwhpavvqrwechy,male,31,BE,rxurcutfigwxkdjoxocdromo,alive
193,pfyikdwn,hnvbugskppuokgqs,female,94,BE,unrsjctodtyqtigtzdddjcrk,No
194,btzfzbvw,xghvjoyqmsnddzms,male,57,BE,gjmiildehnnrjcvxsnicviyk,no
195,kauiiwgi,orhdncoshsbuvzgt,female,41,BE,dglwgwmxqciwqbrfxwdbsxub,Alive
196,spvskmkn,jsoxhdbkhngkvioe,female,32,BE,nbpkzqznhztovbulkeeutlmn,no
197,ecdcxdbq,csomqtljligozxwd,male,50,BE,gcysjcankihsxxkqziuijark,no
198,sxukclou,ehcgxdbzairqvtrf,male,26,BE,awrdpmrzqwojontzpywmsjyo,true
199,bflqgxzm,dqzonwoldrsuarwt,male,29,BE,hcpletedpdicwznczmgmzlrw,
200,igeebgyu,qvvegzojlfgphrok,female,11,BE,oaroujivkpeezpnamdnbgyht,no
201,gxmisesf,kzbezenfynmgwzms,male,41,DE,lspbazgrvtqyszezgouwuget,Alive
202,aqhgnzqv,yntalwbwhimakdqp,male,44,BE,ppoeualarnznoqmeafcjzygj,Alive
203,uwbzgysg,yyzefjzipwzpefns,female,7,BE,sgrmmwkrrjfguhuqujskzork,no
204,maanldqb,eniohfichtzdirdl,male,96,BE,nvknjahpnrpesshajapjsghg,no
205,ijqmzkeh,jilbkvhuzyxpeuwq,female,94,BE,lxpvfjdocysmpqqtylnylhhl,Yes
206,ghkpexnm,orrhyelxicbqmcua,male,11,BE,azdhzopuqinxlbzoclslhwrh,no
207,swlyxrdc,lwuwcuchwopiwwkz,male,51,,zlxcrmmxwvlctmhevimimeer,no
208,nnyhelob,toohfzujykfffxag,female,13,NL,xkqxfiajkyjjfulzuemcacsm,no
209,nvbbbsmq,zntvbkvwstuwfcor,male,63,BE,kdtuqulagekjrvjhifjsizry,no
210,jzyobcol,caldmqzihyybfsfy,N/A,54,BE,anqltwcvnesyabhqrbdmwkea,no
211,gayxofyc,rxpgtylxxeecjjfb,male,73,BE,ldsgkoushpxsahswoquvnvjz,no
212,cnfysqxa,ztwvdsmomenjjmmf,male,37,BE,abzbhzafamxyaamtcxscszvp,No
213,qorqmhvn,shpyabmlmmpxlxqa,male,86,BE,gdhzxhqzldaehkymnjflpqee,no
214,vwdxogxu,urbgjevuarrclrud,female,6,DE,xqnaxozyhphuefsjobfpeolv,
215,tapfsjht,wjsqkhisoxfsufoo,female,7,BE,isrxuyameezfnskhvjjhlhha,no
216,ghwmhapf,rbibkysrtgjargfe,female,54,BE,itseivtcqgzirchufgmidngp,no
217,lyrpqyjw,vqdntlxwnzraajuo,female,55,BE,vtravtswsativiolwuwspsew,no
218,rzwgtlya,ueuovszbjtklebjj,female,94,BE,ewyzkmkgvibyqyqkxywsjvjj,no
219,aofxlvlv,nsudznyxutzzexdx,female,53,NL,psymkflynfswxqpfdatzxuao,no
220,emnbuziz,ycsopiuhfghprman,male,93,BE,dfvvoufoaulhjxoijcjjndug,no
221,xazsbbsl,pscbusovqcdeavjl,female,81,BE,djmjkegyezfntyqriaoslpol,no
222,zeutxiiv,nstnofvwtprvtcvy,female,92,BE,elmoukzlvxdxczfnrzhzymqj,Alive
223,tyrutvyg,aqkmntzcohewdumj,male,89,BE,umyhdvfvtnekntkvvkojbfjh,na
224,xtjnvvwn,qbkwekmhkkbdfble,male,41,BE,ihyvticcxbslowjxcvtvzyzi,
225,fzifvxww,otjdjjlddjtevkvn,female,55,BE,djhzuosawzmbmtlotrdeeafw,no
226,wbvyzctr,wjvhbabiilqjxzly,male,42,BE,hyasrirrifzhlnuwhdlmiuij,N/A
227,gjztbwnu,jhuptsbnfwgosrco,female,12,BE,gotgkjzvukzhyvsozgjsilaz,alive
228,yeujjuqt,nzzzkigwzpkqwjkw,female,32,BE,fimyqmiozdadkioyrmvowznq,no
229,iuwlibkh,freonabtyqlvgoff,male,8,,iepaqatlfpvzuvtjhrgtzmih,no
230,pomkqwos,mguzoiczdqhvthvx,male,24,BE,pmqavoaxgmyhwphbeqiygrki,no
231,nhqutgch,urjelatkccylnwrc,male,52,NL,ijmeaksemfwzahkxpirnwvvu,Alive
232,mnhjbree,hqcwarlygrgxqtpo,male,40,BE,gtebiflyldeyrsrxphwyifxz,yes
233,xhhshcuy,qdhyfnqynfpketmq,female,61,BE,duxwqizwkhhytliksiahvmjs,no
234,jdnzlgad,fmhctrxvrquponbv,male,42,BE,tbumjgerrfopxdqxaclfjbak,No
235,ktstcekl,atunclsrlmfyagee,male,62,bsf,ctynnzaaxgfwjelhmlvbazhn,no
236,qiotowjf,lirfdlufevmsgsht,male,21,BE,etfwjphrmaqrozijsdtkmvbj,yes
237,jwuzupra,obzaddgtbrbbkzrv,male,63,BE,wtcjtuaphlnjafyxrptospjo,N/A
238,kyzvkhep,llnfxlvbjkezqxhu,male,99,BE,hdydfwibasbyzsghoeujzbrh,no
239,hsugvnbj,yvdwfdejrlwndslj,male,98,BE,orbgpibuvhmmgmjzqxlrcizd,no
240,fgujovfp,xsyckinmthplcxte,male,26,BE,hjrhvrfzwxxzjsqxoogtchxj,na
241,pnkfjdya,sqqwswpaewtskjlg,male,1,BE,qmktsynayohixccqttyaceea,no
242,jvmejqdw,zkhuustucwjrwcoz,female,97,BE,nirezkwjpamhyfhxgnvuzyfp,no
243,tjsjgsti,snruupurhqmfwxxv,male,38,xzp,hhhxxsbpnbegzwkucnsuadje,alive
244,uakhornd,nsywyywgmyfegeqd,male,10,BE,jikyjiaqiaflaimwokfvcpxz,no
245,qravkmyf,vsfzdesxgszmgyhj,male,92,BE,gfsbwsfesffcqkidnwnwykqo,no
246,agpddhdj,xmpwrdorxhiwqzvr,male,70,BE,hklmhareelfamgklglngxytq,Alive
247,haolhnyj,yhdxttdevburkyjj,male,27,BE,dirwdtgmyxxzvomhvviflnqg,no
248,zpuyjgcj,ndrrzuwlfokvhohc,female,98,NL,ymxqwvghwrlbquczytqrethb,no
249,pfpgmect,fxagulhdbokfbbaj,male,27,BE,nsegpccelcojawdrvjfxjcup,no
250,nhsfuyid,uoqekggwbhnzlsjs,male,46,NL,feagaulrunsgkyiidcfhocje,no
251,dslcrvaa,wnlehomowspzvbxc,female,17,BE,ufnfgbkvgcfeqbncbwzlyuhv,na
252,nrifqpry,btbwhakphdcszcrj,male,97,BE,fzwbqtmuupkmyrhddqjjyjtt,Yes
253,ltfljflv,usbdkfimnbmssrhc,N/A,75,BE,ltprtfdrnnmclhisuppoxdwq,yes
254,xnzlbwhr,zohmecpjveunrhwa,female,96,BE,vueahzlgmkpofofbcetewxjx,no
255,tlxkdmkd,wroqzsfrqsddokit,male,88,BE,usaeomhnvdubgimbeepxfaht,no
256,lkiyqgcn,rzamywkjmxodumoa,female,64,BE,yiazhfaizrvjbruqntpjqnwv,alive
257,vrmofoyd,uitiocicyovsjyim,female,90,BE,nqysxesotfrinudluqestvqw,alive
258,hllagtxp,pezqsdjczrfabubr,male,94,BE,wlkfsrbbjlzhtmzqjogudopn,no
259,ezernqyw,vaberdcvdofksyur,female,11,BE,tepgshyyptlejvgapdywagye,No
260,fungntaw,djiqnqdbeliecviv,female,77,BE,eoahatqcvrtpsozmecnvxoen,no
261,jrytzosc,dpfclekboiwniijb,male,17,,ftkcintmjphufihadzmndeqf,dead
262,bwdvuqcz,zoacpaxehsljavpw,male,43,BE,nrkisvzahlaqszbhqaeoflpr,no
263,qqwxgkgj,xfjehbswdluikhnr,female,34,BE,emrqnppzuecaiazstjjbvgla,Alive
264,viiacxru,mdxfofltlbzmtvni,female,36,BE,vgrioozuffcbpcvxudqtijkd,no
265,jhfcesqr,nmgyybsjphwpglbe,male,66,BE,orabuxtcxailyzdngulanfqg,yes
266,rmeshfiy,gqevnenefjovydze,female,55,BE,fskbgdyonrleilfkbepfvafx,no
267,rytxjvfi,hgyezevctvwgxfio,male,67,BE,hvhlicikklsnmrbwgikdmesn,no
268,bybahjzb,hutnckpwsnaqmqgg,male,90,BE,tmrolnzxshodwwzosudrcucx,no
269,ahilzshy,yqefrvzlmsshvzuz,female,4,BE,pfiwzucexxovnwmstxgsuiyn,no
270,yvfsdlzz,tsglzybovqhxlndk,female,16,BE,suctbonbbssptohsbxgpkvnw,no
271,wyjowqmj,ibwrgijocnjxnich,male,88,BE,ajdszqvnkgrgjblqrtofmojk,na
272,lmbzpnzy,hltqffonpgmdkyrh,female,67,BE,gbpvprxvqxknhiygzhutrsvo,no
273,hjorrcqt,tfztepuqzkhfgjxl,female,53,BE,pzomvjqezzfyacdbpuxbzedc,yes
274,ucveyxal,rowkklfdpqjmljdm,male,52,BE,xekurrjrwbhgawxnmpjkbaos,no
275,bkgehdvv,eovtdpnmpepmyqhd,male,60,FR,jipppufceqhjsrvzunrwyyve,alive
276,egnhiuhc,viivyffuhxwccgju,male,49,akl,zbpxfdkqghmqqqipljgdjwbe,true
277,mqbrsssa,zruljobqkkiilnxb,female,68,BE,ewrqojnfvvozlaybtzjpmnrl,no
278,kelizujm,tdwdjwtxxlipbkzh,female,40,BE,bvpenzcaiookiazjzjgiogsd,no
279,ffynhxbl,smdezfooemkwhoye,male,19,BE,cxgyjfpvgwklsmgzfvfljqne,no
280,ehbxtvnb,dyroczvowwqchaep,female,24,BE,gimrsrovmnsmtagdyagwbqop,no
281,thukrvms,mefpfnpwxdskjebx,female,39,BE,vfgnqwjbutpisebmjijrscwh,alive
282,wnwkicsz,ejairydujphrqpwq,female,20,BE,suojjlgpytbdvcdvykebfgao,Alive
283,qjrastbw,phovbubblyubdkpa,male,55,BE,dcjysudwnzfpoolliuoqrvtr,Alive
284,zbaekjhp,pyjxrmqryzltvtkz,female,9,BE,xfyzemtqhmlpqsbavlbpghmi,no
285,dxhtcvzj,untrsjbpyhijrvro,female,52,NL,rkupcqaveafqungfgbhsftuu,alive
286,bcitiszi,dinwmnduffjcqili,female,97,BE,jjpksgyljazshntsablpakzo,yes
287,viklnltm,ygqpbwlntbytuwkm,female,1,BE,wdirwibvcmtluhmttefniuis,no
288,psqrxium,dhimdsgrukvtxhco,male,82,BE,pqtjuvoiukobhqptgwxwdqpv,alive
289,vimglmtk,kplijtipwyhwzces,male,7,BE,ohgbmgcxozpmjrkhibrbavpd,Yes
290,lbfjbiwb,mcikagyxguemolmk,male,58,BE,jfavhrrdnijwzocfutlxhllw,
291,ppdhhhtq,rftpyujbtlbzptuv,female,10,BE,wnhudmzwybqrsgmqlvyqjepu,Alive
292,rkitwmxx,sjgnmngdzmcpgdeg,female,0,BE,qhuptxbkjpfyipyrbnrmetdg,
293,poqmxtuw,vcjpxtsafiobglsj,female,76,BE,riucxyskwdtuihctkcqckvps,no
294,vxyeifsj,wfswywxoylxhirla,male,73,BE,peozsbkznsyoslqxnowgnrky,N/A
295,sfpswkcz,dupangkosgssawuo,female,29,BE,riloaqqvhehlzmbftlaoekni,N/A
296,kbdrmwxc,fkcxpyolcggrbmoj,female,67,DE,lgedystazrwigvnocljfusqj,
297,funsogva,fpfuptqzbaorvgjx,male,87,BE,zecgwiyouxrifqgsoargyehr,N/A
298,hxoaxhau,pnnpmhqfryapoqcn,female,30,BE,rwnkmcddlofksnxrgenimxgl,Yes
299,ekmjsihr,arpuvbvekpgsciaa,male,73,BE,vtevjrfcmumusctjmcishhnh,no
300,stzdehmw,stidebmrcubyrsnc,N/A,69,BE,bdlxbtxuunkavyuziyernmyb,alive
301,eouxqwfe,wnfjvlrzhdrwkdbl,male,81,BE,vrmveidcjdoyrtjuumxltuzt,no
302,zavgwyeu,rckhjtrpogsmtvgn,male,24,DE,qluvgtgtxrxmpyuredrlcwqi,no
303,ndaxzwfm,ugcniziqymaaiquu,female,5,BE,wvxbphwlpmymupbjvashraok,no
304,epfsrclk,fessbnzbqfbubmdb,female,50,BE,icxrupolnxktmaiwcisolnpa,alive
305,honphfyy,pvidsxpmbnywvkhm,male,80,BE,bivuxzsjsabxivymqticaflf,alive
306,udgkbehn,exwaijpbffzdrubc,female,72,BE,yxudtnqnjwdanyiypzdztfsv,
307,akuuyaft,wjpxrpwjptiikucj,female,37,BE,pqdiahejbwrqlhvfycmkfkcl,na
308,hkgenpwe,kfjwudvspwurezqr,male,69,BE,sctdnswwzfqqfxxiqqbsivmr,no
309,stxrkdcs,qtdlyylgflldkztl,male,14,BE,rfitvqtlhqkpsbfxstmhvhri,alive
310,yqrfhzve,xnsftwesbhpdoqhe,male,8,BE,bnlfwzoezloqzhueibsyhrrk,no
311,pxieeuqy,lalxmhcfdswdjcvq,female,6,BE,aigzzbbigbwkubcfympbpqnj,na
312,zcuumnih,qamthfbacqsbssks,female,63,BE,cxmxrvbksvfvbvavjjmnxfec,no
313,ekdppwak,fkgpgvxhcxwwyeqp,male,64,BE,dyprtrtpereqbhgahtvpsvgt,no
314,pjfemrip,akubfwjbsmvaggqn,male,74,BE,gupbhsugocdgrlxibnynvkwq,alive
315,qdzmnnkh,burodqgjvbmuciok,male,58,BE,wfqzbvkrzoyqzhqiohjjyrmq,yes
316,dtebohmw,zeyhffvgapxwcuew,male,69,BE,vpunincsogowgxzcpddtrkbf,yes
317,pcciordc,uoswnnpruibewetg,female,70,BE,xsaclxtgabgjuvzczqqtuufy,no
318,dhvwnarg,jwizsgrnltaksbtk,female,40,BE,tspxoiigfnbhyrvlueyfbhqa,yes
319,fsdjrnav,ampzftxdothdxuzy,male,51,DE,xoytkrwaumfrriqahpaxpfgf,alive
320,lzztagkh,htxolakydgaxxvar,male,67,BE,iuyzvzjoxnrxhkipnmxdcfff,
321,cticzpzp,kfbhchtwwctphzpd,male,91,BE,dvnhisqslfebjlwnifqdqahe,no
322,ulcmpoch,uuyqgrtkijempxkm,male,46,BE,ocacthsktjzojoubdvtpqnix,no
323,cijetsly,raoajzynpiwadzkn,male,59,BE,igfnchjysjisoxxxsykjajch,No
324,piufwtdj,ifkiidgzlgadigwt,female,60,BE,zmfggltazblwqqzrujxwdfpe,Alive
325,qudircku,eszyxfqrhjqnkpxv,male,79,BE,bpwfvveofvgkevzsvwamosfj,no
326,lxhrmfqq,pbsckabxdvqzfsua,female,32,BE,vybvsvqjeqkdcumqskkuqate,alive
327,ekervuqh,obnmyizuvnzfgsfu,female,65,BE,vtcxdqejxhbhgpyudnznpswi,no
328,hdfmiwmj,jpxtkdljpfwtfgvb,male,38,BE,jtixchetpzpwdpckogbhtsok,N/A
329,idqzxuoh,ugfpqlatujrqubqc,male,42,NL,duupxmyivatymlbnfqvmgkuq,No
330,cnydpotn,lbxdhfmioeepimjx,male,25,BE,ixmpekzkbkhgtemocfxovpcv,Alive
331,yiuccwyt,qsmniatsczwowxzt,male,7,BE,srphicordffesiaqxboxfdep,No
332,ovtngyyb,wywxpqlneaeokeiu,male,13,BE,fehncqfluotqehbybkrlsygv,na
333,moosncqe,eksywsstjnujecpz,male,11,,ammusmaoeogtpwqhlasgjgnr,N/A
334,pboypfry,fgmstlqckjezlxux,male,7,BE,upyhblnmquvkrsklmvipqmcg,no
335,zpcexsvx,pbqbqjejvodprdav,female,14,BE,wjcqppaeqyyjvhokayppiusn,na
336,qxgatlso,xgtzkypolrwhqbmy,female,99,BE,qyvjhykvpvapjkwrjniozhhx,no
337,ywyiexwl,hnhdspsfleonwrgm,male,72,eix,jaioanqfuzsfpekawispyuli,na
338,ijbarcsn,njdvpdzvealhwtdq,female,59,glo,javaqsxqeqjtxbmtpdhmdyly,no
339,cnclgsbs,icnysjdhyymnxrls,male,63,BE,rfooxsksrczamfvszvnhkdej,na
340,jbayblkp,zqzzkvyhdpijodpf,male,85,BE,uctwmsvmlnkjvpxnkosbmkel,N/A
341,wvvddayg,rdgtgtxzthsrstev,male,85,DE,xtskkqfmltcnzsiijfjytyoc,dead
342,rseppkdi,ctgyajwgqwfwzsmk,female,55,BE,msbbkjrfvrhffcmuwannknnf,Alive
343,fmogrozl,fmmxwlxrixngbulz,male,4,BE,dsuzfmmoxmusubggycrlsima,no
344,fbblluql,eicgklqwcfiuwlyy,female,31,FR,xbcezvkpopdsuyhqufjpkefw,no
345,oeymjgai,zchyskjgkqhfwwmw,male,39,BE,gknlklkonzhuvsnnjhkrmpbh,yes
346,wtrfypeb,wtfbubtkjwkomvry,male,8,BE,inhdeihpjcoewhwyxheasxds,no
347,tqqllgrz,itscfrhnlgnlylox,male,59,BE,jcgidvbyvwodwtzlzsadpmuk,no
348,zsnurzhs,axvvfwwgarowhpju,female,21,BE,uxrhhcdakjxyneytzcsacrxx,Alive
349,mzubscmy,rdjwaocknlqrunvj,male,90,BE,lmegybaoehkobhhqsfdkvuvg,no
350,skvkakar,fcsaaqiscpknbgdz,female,58,BE,jqqecobfkantcrflcrcfwcpl,Alive
351,eigmgeug,wmqgmkwzaevubgzj,male,6,BE,jrtsztqcmjgvxclxmincleim,No
352,suceunaj,wzmyagyvijzvprqy,male,87,,pjgjqwkgauuodmkdlcsnucny,alive
353,etfknweq,wbvyzfvfqxsdbstw,male,61,BE,iagkbhfvdoqvfqofahqwkmbg,no
354,rouscnso,waminvpklemiiiwc,female,11,BE,tpzmxgrdbymzikndqkyxnocx,no
355,ismoyuab,yprzjsrndlajmylr,male,18,BE,rnzxmjooujbdfnmvautcsoui,no
356,zkqvqayb,uicrfuumoqfvjwih,male,70,muo,idvhpowbmjvnwemcsmrynozv,no
357,uczaccbq,oexahuhqxfgxlnjh,female,53,hzx,gfrlxtkatlexvwxkgpegbumo,dead
358,wensdovs,mstvdrmnsjwwmzyg,female,69,BE,yjbpdhfieclzqybjwwtmvucb,no
359,adelviys,iomchgenanxhkvau,female,15,BE,cklmcjybcawmvuxdexsthkqu,no
360,steamfgk,ebjgkkqpepnjwiqh,female,72,BE,luwthpxfpzhlhplosvjtuozw,N/A
361,pvetavyu,kaxcuhnlktjlxcjt,male,62,BE,elygzsplrvkdymtximryvpcn,no
362,mymehbsm,xqtsdmalzrrlsoqg,N/A,59,NL,ypxqiytnwkznstnteyghslhm,no
363,ycukfxcz,qkupxvlewhbtkqes,female,54,BE,kmzodoszjeoytjkzlmaghutm,no
364,wfdfcadg,zpqlfatpqjcwkqvq,female,0,FR,doklnxmrbwddqzvbuypqtogq,Yes
365,apcvuykr,heqmqszzvbokgppc,female,23,BE,vpgzrxvbyeufrbkrcwfwxvvd,no
366,fxycucre,knzivsncwrtaqegc,female,26,BE,piuopainfkdrvmxwingihofj,Yes
367,rjzwcqqo,iuyrnzkzyrwwsdrt,female,3,,rxknvpxcqancaqdnfnsytzxg,na
368,gjysngnj,txhpeshuycwpzypu,male,31,BE,vescpjfwirrzevcrsdktpqjd,Alive
369,fdiswqho,zkzzwoahugizvtaw,male,89,BE,xwfvlgkrujxqccpfssnfdrih,no
370,wiwjxbqa,dalatgwxvsdavawp,male,56,BE,pzvfzxvimcbwhjtpmmqwqdnj,No
371,sxvovyyj,vmnrokcdcfrwybrk,male,51,FR,chmkucurcoyqzxcoddgxjood,Yes
372,glplcfwq,boflkrozqrqnxiwx,male,25,NL,tsfepolnzymeomfxwpifpkrl,No
373,zyjvozhi,dcnmbmbmirsxibrg,male,85,BE,tnsnyhnerzgwvrxrqzoeuspw,
374,baxvtros,oarzoaxwextagibm,female,6,BE,aucdzwhyqsmdalyzemwfncin,No
375,svctfzzc,nxzcrzlsqdiqiwwv,male,7,BE,upnawuwuhbyallzajtawaapl,no
376,lzydqvtt,asdetpujflvkzrwi,female,95,BE,rottabnqyliivtvhrgnqrxvo,true
377,eehzixfs,qkbbszctacculdll,male,15,DE,jpzthynqpotnmdmzrzbpxjvs,N/A
378,euyoadbp,dnvaqghhusxhloiz,female,61,BE,cfsjdoujtzmcjehazbnqagol,Yes
379,kbbhbtuk,clemxlflwenegvny,female,10,BE,eqtotqljhwicajsyiigxtuht,na
380,xkrgjpxt,lagcpzuqkrvlcyhk,female,51,DE,pwqjmhiysykugcgnarlsbcjd,no
381,ngvrbxva,zbfyfxnfzmbogukr,male,28,BE,svwedzsbheixgabwsvukkvzw,no
382,uwnlwlmt,fvfllbtaluibkpif,male,42,BE,ssiqxymywzquuttvgjgymqcg,alive
383,reouqdxa,brtajcfreomqznvb,male,55,,ecjcmpzplbysdrfhqtecwwgy,na
384,whsxnmfm,ifiiwijhdpvuldyf,female,37,BE,xzcnbnrkjlouwbdcruutwbkt,no
385,ntzdeaup,yxlclxgzvijvyzji,female,69,NL,qpvvcnefoxhoazuiqdwbxlcs,N/A
386,wjvkblrn,fkrkhktfzlqnuezm,female,8,bam,cwnlfouubbputtcboyrdpkbo,no
387,dlmrsrvj,eawtxxkltacyssps,male,58,BE,lptzityxvwbwrlzytufdshqb,Alive
388,elcuzced,jciktrmvwodfuxof,male,74,DE,kqfweewurnfpvzevynrvdmzo,N/A
389,iuudcrhb,xktyhndimhqxjugz,male,3,BE,fvdkeycdjawqjfqzvkikkomr,no
390,usvfgrap,eqizeqaiyixhyfbf,bft,10,BE,reohxdngvqjctecnmpfqhhyn,no
391,bleissiz,swjtvnfrkokumhaw,female,59,BE,uomkxcohtixccxrccjahaita,alive
392,ilxamder,dfzxwscnvrowytcs,male,64,,arysyshjjwrxmtnuavdijioe,no
393,iruumibm,ixbdvdshnbulgozx,female,97,BE,jsvwwunnzgnlhfbeeqtaaiid,Alive
394,nobcmknx,lhhwvmkhlcmsqzff,female,76,DE,leaigapsfctsttevqykkfkzw,N/A
395,hqbdbzfb,yydpieuqomkgiqmb,female,58,BE,xlaufpaszjnsxbwouyboziht,true
396,lqbeylam,jrvxnuejejkwvewj,male,62,BE,khtolroxgqsttnftfqnjahay,no
397,gkmumdye,kcjttggjiarzlzjv,male,24,BE,timmajwxhcsfqsczqphqidgc,no
398,stunenyr,gurnnbdxbwofbqob,male,94,BE,cwsuaxtvcoajangxuucznprf,no
399,eyjlkoji,czhzhxewclnvpwpj,male,23,BE,cmprqcgqagtbgupcjcasyxou,Alive
400,qtsrbquc,ipohqyzstjovgehs,male,86,BE,npnicebsvstbuyvlmkaikfyq,Yes
401,boktvuct,iyyfgfhobciybcvg,male,71,NL,wsrvleiyhhgvwsdthctxrqtk,no
402,zfpqjryx,lpeuvbenfshihukg,female,15,FR,xdlrevlxtkljxiieqiufqhrt,no
403,tawizfhu,rcnqonwccvmmdyad,male,17,NL,mtikueyrplkmjrjtqkknahok,true
404,fyjnzreg,raqkhcygkoqztcbm,male,92,BE,gdeovaaettxmlvusofvsikav,na
405,jfksklgb,ruodhnevkmkemyrr,female,61,BE,xmeejbhshgvglzdqeuezbamr,Alive
406,pxzgvhfl,brkbntqyaoovawrk,female,69,BE,unoadegtvmantcvzjtyxnwum,alive
407,kdmkeuzo,pntljggvihmwjqxy,female,76,BE,fnshdkfbeibyztfljhyikcch,no
408,bpwmywqg,pvxauwhxjooirmyc,female,27,BE,fuqlkgtslcpyycvgpfsvaxtg,Alive
409,ajnzwsdv,budxqlkjfdnteywv,male,44,BE,ltccbridbrhasylfuskwvsbl,no
410,luukhsps,hpkamefvludkpdpg,vcc,91,BE,uqqrzdwfqguiizjnibqfhueh,
411,jvtbwkcl,frbicnpmziqyauit,male,61,BE,byhfnikclrxuxvqzmtztqmbp,yes
412,quvrxdrp,mubhwckrgbwvheoe,male,63,BE,bpmjcnlfaoqkehqdnpihbvha,no
413,qnkiyzie,qwytdfqsohrxzfdm,male,35,BE,crohvpafeindvxcwlfkfoohf,No
414,foasffnd,ttlabemythxvtzse,female,44,BE,najiffqfyiykcgkyxnptumey,no
415,msvfrrew,srhujulzwjuuiitm,male,82,,swbnxrdyfgmiulihdrhnnnsu,na
416,owuaxeqy,revqmrcjmgxweqcv,male,82,NL,ijqphuanomlanckewinfjwxd,yes
417,sgdvwwbx,yirdcyprnfwhihbr,female,32,BE,smdkndxcnwhodxgksubeqqyp,Alive
418,uwdekdof,bdcmoeoaajauzvdr,female,94,BE,rkrkblmrtjcflglizqhtpbeh,na
419,anscsqwv,xbpzmsjyylprtgmr,male,23,BE,duwsfasvjqvtxavcbybtxfph,true
420,ihmzlwmg,bqnrmmyptnyeattm,male,42,BE,etyhkfaahaavbumiurdlnfly,No
421,vsuudkjt,ofggeoiknhmybaur,female,62,,sawdnqujngktzkhqrsbyqlmj,Yes
422,wuoffyhg,cbjfoogvhprzzwlk,female,1,BE,tbiafozxumyaosvromwisuba,no
423,cizbfkyw,zdslkcjutzttyhhc,male,57,BE,brzjvzegqrqqnliwyorwasjp,no
424,jwqmerop,fctsjvnxkykfdsto,female,42,BE,pxhkaacuxfytqaxkfsgkpvxk,no
425,sdhvejkv,raixbgqidqnrggxs,male,25,NL,rsydhpcwgkuhpbhwjhcdjjwh,alive
426,kvbwebnh,grhwgvdpwixemzba,female,69,BE,vorpbmcslzxvoekwenkzjqwc,Alive
427,tsphddwa,vbgdudrqgpqcdnla,male,48,DE,zbczmlowxbbwfqsuhtyqoifj,Yes
428,qzrnccqb,ondacuinjwpewfvd,female,80,BE,enxnizfrmqhlexjijdvlvtfn,yes
429,vllnrpvp,wyawjgcfzalkijem,female,60,BE,rbrclqrivegflzpgsnslpdqf,no
430,xajjcuwc,kqibigrlcktpcjmn,female,9,BE,xznuwdjzaxuxuwdktojazuxk,na
431,ljktdqye,ywtmcpozwvfdbbng,male,43,BE,keikcetmsjxifkhqtbqrwukn,no
432,ceiibdhn,thjzspxqaleozied,male,35,BE,jjpprektaxfqietberrowdmz,no
433,ebnrbxjp,wehplpoprcyvtvkk,female,50,BE,rasyrqzispikqcjigvxsynny,alive
434,dlmohmki,pxdbspivlubnihai,male,14,BE,qtmhsyczhhjeflmjbprodwhw,no
435,xlaczwpk,pscjnmimqjtzvghp,female,20,BE,asigcdcywffalhkcvulsudom,no
436,nmhfylgs,qteijyonmbcozjao,female,67,BE,pfllbbgzwnmkzkdonmxaumuw,no
437,wpmtlfah,hszjutndslksoonf,N/A,11,BE,uojkhyejjsgombwsdctlxvsp,alive
438,pskduulr,wnqdgoattrrflkwu,male,29,BE,aqlwfnwnhkvimktniwnhjvcm,true
439,wwrnykro,aylxncnzrtvczoic,female,7,BE,ejnadvgxitkbzpxvvdiobtoz,no
440,jktuvfyo,wfhrfpzcfqyymnqi,male,50,BE,whctfaxxpaqllksfhflnptbl,no
441,vzkanukc,emdmfnhyrlqrjrpf,male,75,BE,cblmthoponbbppkfsuzkyxsq,Alive
442,kpfjyvyp,ykqzrgtrxkoesqva,male,56,BE,ieozduqhjlnosxydikprucsn,na
443,fvqmwgqf,iyuzkaumgsyqigry,female,4,BE,xjkbagawhadlppsewsdbwqpz,yes
444,bjvtbvky,uxfobwagiislyhlv,female,18,BE,cerqvzyvsrzdsewzqpdkypka,true
445,ndcomkll,nxdtespsoecsfoyk,female,11,BE,lvqtmtlljdxndtzcesejcthg,no
446,nbiijqww,vfrinblsjobditdg,female,24,BE,ylftoqlfzobuumvifegkspxp,no
447,gjgoxukg,vdldkznbaqzqpjvo,male,81,BE,nbvvcwhbtsgfcxwvdfwqniue,no
448,zzdpfyvp,gbwiwwbveloathde,female,70,qtw,fjmyweuarhqcoktqmgimwfsg,na
449,qlymuyel,vvrwjdkhxvyptckg,male,38,BE,rxeclgdgryiyjmuhrltjxrpe,no
450,ossmgogf,nreoqeavuzhqqwyj,female,39,BE,soxqntgozgyjizxycyatehdd,no
451,efsxrnhp,vlfetwkupoysimkq,male,94,BE,zbxxfnramobmpohkzokwrwle,yes
452,skxvgkvb,gnhbrlembcgahiki,male,16,BE,nirdupestdapdszkipetzsip,no
453,qwnsazdt,mcvtmbkjkgvbikjw,male,78,BE,rdsrknlmwowqiwqhxjeweobv,yes
454,zzvgzirx,qihdrpdqgxdgfbsk,male,77,BE,klcripyfhdvuvggkhsicvbmk,no
455,lmddnadl,rjuilxvdinituykb,male,35,NL,htuokhluufansfdiluvrmokj,no
456,huzttobp,frrvslkyuvgojugg,male,0,FR,ntkxignslcvihjeikgwjjhfc,no
457,tdyxlzay,wgyolvnswxcohavr,female,87,FR,zfjosqakhxlfghfbbfwoywfw,dead
458,iifqmzex,thogjwazzarjusug,male,29,FR,fjgydvsiwkszyuqpkrfwizir,No
459,rsvjfavi,nxtqtgplxzowgiij,male,58,FR,tdivqdgoyllnvotvrsotlims,Alive
460,tqacvdul,uscwxmdwmfbfkqln,female,15,BE,emrptokxffyupwqstnoaollg,
461,ftllyzts,salawfhhqckxjegn,female,70,BE,wlevxieuqtpazemudeicpcce,no
462,unvkikbt,tlifhqnocwxbxbol,female,37,BE,qqooswapnscdowkqtboeteba,no
463,jbxqqhlz,torbqixuoatojjxi,male,46,FR,rrsbksqrtqxuzgbubsyyzxjv,yes
464,lkezqnoa,qynrqpbxieufezvt,male,77,FR,vngdvueirpqokqatdbiqiuzv,no
465,ibbhsrhg,kxyxtbbuilkybfjq,female,6,BE,zffvzsrskznsxymnzuhzzepu,
466,gpziklhc,ywrmahsirxjjsfgf,female,90,NL,mmgehgrqfwwwmpecofuomerc,No
467,hxpivugx,vkvnshppmirknqqn,female,11,BE,gcizjqauojzdelaorodhplfv,na
468,fwbcphlt,rhhlsrjnnmulculz,female,87,BE,pnivwwzytqvavqymqoknbivc,yes
469,lstmacnw,yorbljhbjlwqafpf,female,98,BE,scpkedcpryamiuibkqlfgcjw,no
470,ewqcjink,chgkyqymiiawrnkm,male,78,BE,tfcthtwoaazqlxehbacefvtn,N/A
471,koxypzuj,ouqobhygmprxqzow,male,8,BE,woyhbhwmrtgiwjcuoulydidu,no
472,ncjjchcb,lcnuaeqgqkehsyjc,male,94,BE,wsexelbahruvgkuasonarxmi,
473,cjpmdzys,hcmghiyqdgyiwoua,female,69,BE,cwfsxpneixiwsqwaofzcbnog,Alive
474,sqvevcui,fjxrakahvcqouvky,male,16,BE,fopzwploikhutihyiaxinqjp,no
475,bdxpqtir,udwvhmyggdgorwhx,male,78,kld,woolxjfrnwgbbqtlxhdwjjnm,no
476,llrpabfa,tievmgabpdxsxuqs,male,24,FR,icldhcbbloxckrptvstvoxdd,Alive
477,kisqjuou,wdmgyohwwteawkxo,female,45,BE,vhpwhquguzrjvflikpawqkvk,no
478,nicrkoqd,txawutpburmvkkah,female,94,BE,gjxsetjtbbwxfuobjtywnbkw,N/A
479,qsxtzczc,ufoyrxxovdzdkpvb,female,36,BE,qwcmrxkvmoprvacituwdesbk,no
480,tlmihqlo,lfmwpmenfprhxatr,male,35,BE,xfludnevolewvrlclgaazksg,Yes
481,rwonbarq,gwjgaujbkenjnesg,male,81,BE,emjcgwjxfohkwzffvziwigew,alive
482,efwrsroo,dgvscflvfhjxcrej,N/A,50,BE,udjzpduetgoejpuercgnfkbc,no
483,xmczdvzi,duaulaasmskkefxx,male,28,BE,qujdpdgegrgkivvlhzcxotgv,no
484,kghrqngx,ebbjnenvllydteoa,female,44,BE,jjnszoxfdpuprqadojvcqelz,
485,gfyfpkzu,vglmteheaupuejqf,female,20,FR,fyajbeanxbtouhwglldwdfdp,no
486,syqjnzax,bhmvnfhdthadqvlk,female,35,BE,wajqgjuhmvwfqjnwjdbpqejb,no
487,gmverlzo,ykicmpngbnynauke,male,30,BE,fcsyqzzbdmvcqydekrslerdp,no
488,wkjsmxfw,rfisanecrcxixnmx,male,62,,hveylnqyksnbnkaeyzvcwmqn,Alive
489,morieapq,tcmaukoktlwcxjce,female,42,BE,fuzigydfvbfwzlnnsodejvdg,alive
490,pmnwyxbu,fitwewqhltspihym,female,11,BE,mxnhszrbvdzxlqhqcdkxakbu,alive
491,qbsknjxp,xnevlxmmltmcwpaf,female,62,BE,pjdcrrqkeccumkgozdiyhpdj,no
492,owsqpzda,xbqhcfljqxurvjih,female,44,BE,orfnsefrofryzbwcpanggdht,no
493,ljyalxra,xkxfvtzuexvmjjlo,male,55,DE,kiosrzzffucdskzwciomegyi,na
494,roftqohx,vuexnseimraiswyn,female,53,NL,nekzcmvxrdlwxnvhrsryupho,yes
495,qippwbkn,ougkwcgtzfchkngb,female,63,NL,fyoqmeklibmshnqaqfddbbpl,na
496,jdcofkdn,rvkmponllobbmfdd,male,86,,lujirwajqncqcvvfxrtrkhko,dead
497,kfvgvict,lzkwfsonfnzbcvum,male,14,BE,kplresueubxbtetrppzhkgkk,no
498,kgsqffir,obnenbkywpcwgjkx,male,95,DE,ptbardfnbsahervxdsjggnua,Alive
499,omqihtly,ecmeyovumnwwxbvt,female,65,BE,svdpkfnsaywojpygyhhnnfgn,Alive
500,gljauflm,hrmexrjuchzlwnri,male,68,FR,zafferjtfjonigqkujgvwctz,na
501,baxnubnt,bdfpkhudzshhsbee,male,46,BE,neanfmgywyqtfvqreobdtkpu,
502,zqntzctl,aqzqdgcztulxdivu,female,93,BE,kpexbbbqxmnufcijelnisudq,no
503,jurjtxmv,nykbnfpowoqkybus,female,5,BE,agxoytuflvwwwjoapmbhsijq,Alive
504,hbldsniv,boqwiwjcaamqnnmt,male,45,DE,bkohxzyyffimawftluwclhci,no
505,dssudeao,vgxlvyaosaducbso,male,20,BE,fxylczdbbvouikemxmvjnwem,no
506,tyhixtna,oxhzmtstyqnocuwo,male,26,BE,ighjydpsrwxqfnupwvucguxr,
507,kolzgqwx,owrskaptgzvmobqc,female,41,BE,nloizscsfwsoglsmtmlgldcc,no
508,cflllvsz,mblogyitrtqfpzef,male,49,BE,dmwotefbxsdlhhlfslfeauru,no
509,vxcwnroz,nrkopjrasuxqbyng,male,68,BE,tnilckynfpvcnlarenvkhynw,alive
510,riptyvmf,gfpwdkjhffgqdevh,female,60,BE,ongxzzundlijkymdvbrulyxw,N/A
511,eodiscgx,emdoxgdzkwsaszbt,female,27,BE,hhxpteibskvtoufdpjhloosu,no
512,cyddumye,ckoymbdigidxesgf,male,25,NL,iheirhrdqadvcqahhxkxkato,no
513,cdadheup,clpyqzohesowuzig,male,89,BE,esegnwvonejzqhxzynwcquva,no
514,zzvftklo,qzkjmhbpckrryjpg,female,7,BE,gcltgcfijiwxwxxtheleypgh,no
515,wvbehpnz,upseiduouhtbfhhk,male,74,BE,ycxxylrrwieneobszmktxnqj,no
516,xoocfegq,sxubziksaojsppyj,male,61,BE,blkhmzeqdbijbacgvucertph,yes
517,tiqrxbll,dpouzblrlpgevbtm,female,7,BE,bxwnxpblvjklwkywmybpdjeq,no
518,uhomnivd,qgqdhvavswvkslix,N/A,89,BE,dvxwqgjpmplhzcnwjlgafwzj,no
519,htokbqcm,uthrwcugffpqmlol,female,65,BE,ndyvjokxlrcqlwgemdvxykgj,alive
520,yxczgayq,czikvbdjlecyhiaq,female,3,BE,eeqcyqdoznokvwevxggrmoyf,
521,nvjsplcr,qjredvizcnccptxs,female,98,BE,aangysdjuhyyeqxonaeyfrdq,no
522,pfvewdqe,ysvswbdzbimhzzrh,male,37,BE,qlbxgwaddppxgamnhxddjmsz,Yes
523,ildvmkua,thlzuhwtszligvim,female,36,BE,hyiaosuyhfcbdgkdpzzfioea,No
524,phxoisbu,kxvocvcrpcrooeps,female,63,BE,gwngkjxjxwuqisqvejnsvieq,N/A
525,qntjnsjq,yrfrctpdaesvbdoo,male,20,BE,yowdgenffufrnfyicihqwook,Yes
526,sixtjvqc,bzlnsfmjjomdwkxh,female,48,BE,nmucagcfnvjouumfybygreoc,Alive
527,zhunrswo,nicbacyytxsuctyy,female,7,BE,lbthpirputckiyvhrbgufhmo,alive
528,gtvkleae,hgdsifygeiuptmib,female,93,BE,gtlmqmqvnikhtvamqhxtxzcu,yes
529,jdjidpvn,euezajaakbyutmyi,female,3,BE,ympyhalhkqfpmzcjiqrfegcz,no
530,vatnbfrz,atystznikgvxawmm,male,8,BE,ptbivyujybuebawopgyibhep,
531,sszvlrsg,jrlpwtyfyxeubkwi,female,23,BE,namfiqkudpropfnqtmxqilky,N/A
532,qnficyse,orcgpxnuwnajaotr,female,25,NL,gocuqsmoeqravgbnnickxdkt,no
533,mtthxdhi,xdrufuzxinsrjxxu,female,98,BE,bnmuiielallgggxrvrseqgav,no
534,wdxtzpzy,lndzijthxpkrrtfn,female,98,BE,jnvccjmgvtkjhzpvpwesrdid,no
535,vtrlohyb,hnrjaxfwazvlxpht,female,90,BE,qypusqeajudquyvlnxgkgrvo,alive
536,orgxfdtr,qzstvdtjjvgsicor,female,3,NL,bodvwjhcxslfnztmfwbvubbs,no
537,phkaymhe,wlrmgbmcvkbhyrqp,male,61,NL,uoftzzzcppfhutrfuiywyvms,true
538,ocauuggm,jpdixemutblygdvo,male,41,BE,efjdvaftwcqbhokyvjoykoqa,na
539,rmtemdtw,ponxkbzsxfdpgywb,male,77,BE,nmonbwteihwblhcfudgayvvf,alive
540,wnisqsab,xhemppkkdwchtice,male,18,BE,tdezychwyyjpbdazcyutimnm,no
541,chxyldhr,qndfqwajmsqhzcmz,female,58,BE,xjzlxmtycttusfbzraacewiq,alive
542,grmdquzf,azapruftitqvbakx,male,3,BE,pgsipycowxgzlqmnzhgdegar,alive
543,iahxwkxt,bcdxajkhoddycdzk,female,54,BE,fbqsunhhwxvfvlrpyukuacwe,N/A
544,ivrksiof,klazlkdcqrqimexc,male,7,nyf,xoemcybwangxyhwmszacbydc,true
545,edtjgkny,afklxexbcedkojyi,male,38,FR,elpnkowonmkwhxhjininmsvz,na
546,wokkiywu,bdtfhxusddczlbps,female,48,BE,fquqivgcvpvvvvaesdqpucyq,na
547,tqgupxhv,llbcqkgaxmahffdv,male,27,BE,xajwswgreamfcpqhjscesbcz,no
548,ipyaejgl,tlswhnaylskibycs,male,83,NL,qbcmnlehgieuvembzjlxrpgg,no
549,sbgwdcaz,umownshfgmdmpxwo,female,23,,orhwsthrbwdaoefvubzjgrva,Alive
550,mkgmyedo,nwrrzbqhnqonhiop,male,27,NL,ntpswemdutmvtxeupogvjgus,true
551,hwhinquk,eyljntomdaqnjyhz,female,67,BE,isknsgzbtiljdtqtkbdmcifj,no
552,xhmxwnwb,yrnjrqktcirvdldd,female,84,BE,qnfllxgdhgajwxfulttpaxbe,no
553,sxsvlcgl,ogbdfgempypumtyn,male,27,DE,efqteyuqyiiqafnjnsbpoyzh,
554,ecyoehsi,xnreulsrwfxbumwv,female,87,DE,vxlggxacivvigycnjnaxpdba,no
555,gvkdkwfl,phfwgqazjktmlouw,male,99,BE,fjcttzsaeyxknapdyyppzwly,Yes
556,cnfahrmq,puntmowtymqnjesd,female,8,BE,trlqcgztqdqmcunsqocfvcwm,na
557,gozitoqt,oporshriskkfdqni,male,56,BE,kqjhagrjmffseqrlweacoeym,true
558,vctyeijt,mupiyoeioyvpbrtv,female,36,DE,wglxdhnhfrbmotgpwxtwkgcb,no
559,urishyiy,gbugyolycxqairoq,male,20,BE,mdtinxzutlkotnizwsgsizoj,no
560,xbmsnkeo,iglnhczwxeddbjdo,female,81,BE,jfyolzbfxfmzmtutznjekbsh,no
561,mjeiawge,mhkaetjmnezddxrp,male,66,BE,ntriwrhsrsvejjbfpjmgxfdo,no
562,yulmnllp,hggoxhbyoiguewpb,N/A,13,BE,iowxcaqewiftoxwuyxlwgmhz,alive
563,blmoahux,esfwzwgkmctcbptr,male,86,NL,dnlocmllxbswrjuuxunelmvg,no
564,ertjwhgi,rlyudlcvjmhgkhwd,N/A,88,BE,kzolpekvchhrkxdolrgzhgrc,N/A
565,twgnppew,gsqsblljlgqzgfzf,female,38,BE,nyizpkebakivddoiopeysllo,Alive
566,raouinmr,xjjkuwbbcsvcvcge,male,44,BE,bodadjtvxjawuyhxfadzimty,
567,qpqikpnz,rjuwoyerpkzialvo,male,39,BE,ljvruzvtshfvctnugoymasys,no
568,nlqpjmbr,wdkplkeztsegubdb,female,65,FR,ofraphtfnrgifzebcusfpgdb,No
569,nioljdpc,mzmxlaitzfxbjcyn,female,26,BE,vgdqrllyvxwhmtuqklbvedab,
570,ojbqmiuw,agvnzzeqlpaghkww,male,97,BE,cwkffwduapgytkmwusisluyg,no
571,qmvztmeh,hqmjdmvhmvlhfqas,male,25,BE,fsczcehvamhrleeyarnqfjsa,yes
572,wgcgylee,tqaockiroeocyvrp,male,13,FR,owbntxxmvpldwtxmvvwbxwfj,
573,tdprsbff,zarlubrtiiipssly,female,78,BE,vjbbqhlsyreukumdzdljnfec,alive
574,mogdtdpo,hknjszlxkgxjletn,female,45,BE,uwanjgksqwqlxpdsmwwwzjor,no
575,cwcjyksr,ogzsndmhzzxzsxds,female,52,BE,nylayklatfoobtlbxxpkzclx,no
576,kkkzzdvx,okuhnkjzbpcagfje,female,80,BE,ajxjgbdisxzznnpwfpmwasfr,na
577,tzawluzz,poxuircreufzdhtp,male,17,BE,sywvwufbhazuhkwlwtiuhsyc,na
578,igeuhgev,otlraywmncmcropt,female,99,BE,voguuvfegvugipkqizrsjsgr,no
579,xybyxfqi,feygxktzdfnbbsff,female,40,BE,ryolqdwkjfktijgjyqwlnhxb,no
580,iwqepzdx,guhdpsajssozlloy,male,28,,zwnzqupnmrhfeuekkqpvejis,no
581,ortauxkp,nyyvkndzvzhauupl,female,58,BE,nfldrsvwcflbsemcmfdchkdk,Alive
582,uwybwnkz,sihieriocgnuqaqy,female,51,BE,qnygvrvlcabxtrvskszmvbpu,Alive
583,eqffivrg,lmschqlltlycjwgs,male,54,BE,duxszgxljohmwoddaquapxlt,na
584,cbbbbkaf,laefmgnrdoacbjqb,female,56,BE,okvyfwmfrheazhektodtjwlu,No
585,iusjangq,cxvpksfsnddguprp,male,26,BE,wzesjwrxpqqcbtybhztaqikr,no
586,hpbqhsdv,wptjyhjektdjeqrk,female,2,BE,xnxsrfzqtilnfrcqxuincbna,yes
587,kuticjvg,xcsllslrhezearej,female,49,BE,doluzqilbqihjginypbcutrl,N/A
588,myneaeze,bsjqihoxpmwexlir,N/A,44,BE,lpraplgmwkbcfporptpcueii,alive
589,iwclovxv,tnykncsapmpauzco,female,32,BE,gzymrcbkalzlokqgiffwljmy,no
590,jequghbx,odygmvlewvymruyz,female,19,DE,oskcontqimavxaqiyplhpgqi,no
591,kgbeqkuq,ayapedfkarsbnkcx,female,46,BE,xzysajvscfkobnltgwptrbte,Yes
592,fjipnnlx,khcoqpojtdxerzvm,male,11,BE,ssvrvbbrcsiyxztfawsvljrv,no
593,gzdvgsrl,rmpgjqyfagpszyji,N/A,83,DE,jcgxlxftgcvxzbtzugbbgkbb,no
594,qwqvfznv,mhtlhpuinhkmbrhz,female,84,BE,lkyjywhqysqkxegfkzfwikex,N/A
595,qyganxbi,phmejdzptzdzzwyo,male,87,BE,guvcynqnnshubvxdwlixxboa,Alive
596,kaizkote,nmsassiiciutbnwr,female,81,BE,fdjigibsehhtekkmwgdkmxpn,N/A
597,hwtrhywo,wvkgopwywopehawp,female,19,BE,rrmbhqksmbpzmnukxncyyivf,no
598,ycfqfyhw,jgprvgkljeulrrbg,male,82,BE,bpxjogisbvltnqyrioqktioz,na
599,vznuysbt,nfaaanzoqchrawxa,female,25,BE,ivcfxgydumdpzbgewyeijfai,no
600,fwxdylff,npvfjcwzskpdcatt,male,47,BE,foouennbkuvebgdimdqcjitq,no
601,ufgvinly,tjetsxvesjiiklih,male,66,BE,mgfimmoktnsrhsdofprfvwrb,no
602,uypvycdl,zmsybyoeenvhufma,female,13,BE,jogysxvgsxhffwevndxkkoeh,no
603,nbndywqv,wycwlvrrhoqzflkr,female,3,BE,admhrtxzfdxxzfnpenkouuse,no
604,fqfdbobg,twqnbkfgfqnlrtud,male,36,BE,xizfobzeeontkyvjewrycfed,no
605,tykbptkn,nmoriikgfsufrktb,male,32,BE,jjgkzjpjbhbzkgkdblcklogu,no
606,tadyyowp,dgrzgmoazsgrhwww,female,42,BE,cbksbmpwhxycpsgocjjcrnwy,no
607,bisjwsxg,owfjsythqjolkgda,female,80,BE,tnobhzzdebklttxfnnleprej,No
608,kzcuqtxr,jvsgeupffosiohut,female,10,,tvpkenrpmrfjksvkoabvpxwp,no
609,eytmcaln,tgocbbqkurtqjhvd,female,46,BE,lngoblimqzuudireuiubcviv,no
610,fkaapvfk,mxzfnwzctbayuhsr,male,66,BE,oyswhsenlqluonxgnrtdceuo,no
611,ydptweur,kzjbrulviabqlwks,female,26,BE,wnnkluatimciwehvwztzkovz,no
612,ukrqmgqw,lrtqqkygnyuiuvjd,male,3,NL,hvmuavobebhsdaujuvmzukcd,No
613,vaqvlkyx,qmayikhlcrlvnpge,male,23,DE,uwmzofowywlafwrholmsaave,no
614,nvovgkft,ulkmgswcvkvwaubm,female,39,BE,qduztmpxtlsixevbmsdyqywa,na
615,rzseoyyc,fpzfbowbxvobtyan,female,8,BE,vrsnwlsjkefaaglxqxmxqyjq,N/A
616,yrrirxjq,tecanivkntrbeyya,female,58,BE,iyibcoviajvnsvlfyeogknuq,
617,odbfpbgw,hwsavphwlxfzmnpd,male,59,BE,xoyifgiehmencdbpurthztqd,no
618,udqqykiq,bvziwmrwbsmaghrl,male,14,DE,kzuupvypqbcjyfbrvsgxonhy,alive
619,wnwhmzry,utvdcuopgdaiuqcs,female,1,BE,qnrqzvhbekbycjmyabwfzdsb,no
620,kbwvvqqc,ktzjatidtcqkrtae,male,70,BE,dzajhkaumaigzzzppdekrfzw,no
621,uibafxwr,uurehkhfgvoflumu,female,56,NL,pfjmswscyyxpoktvarjhinwz,no
622,mwgiocni,rhlpwftniwzqsuhm,male,26,BE,onvmelelqkeumroyyhepxtne,dead
623,ezwcbkdu,qygqlewiocibslpp,female,60,BE,uljakyddvdgclgsiyhreesuc,no
624,xkncbnmh,yqsgmxprvchcqoma,male,95,vne,sdkexktrmowbaxywswsnfwpy,no
625,vrovgrkh,hjkhcbdiyklcblaj,female,35,DE,ufmudeacuoeawtayrjrhlpcp,alive
626,hsotmxad,xqbgnpwfjrrzpgtw,female,92,BE,tpgfflfsawvuthhybsmqaeva,No
627,nqqxahvh,gwqwfbvurcyqoaej,female,68,BE,qfqfiacyytneyrqgjgalkuky,no
628,haoolbef,oqgawyrupshbgmte,female,90,BE,oqbwfiuvfbhsnvdyvlzfsrsg,dead
629,hvrqrkgf,mrvikgbybqtymylf,male,81,BE,mgcalybdrbydlrnsoaurylyr,no
630,peuqhfyn,dymozeyeqqsdnyjt,female,81,NL,gnvnhchrwrrguryixtqrnpqt,Alive
631,ggtxxasu,frogpdwiyvesyphw,N/A,81,FR,bflqtqiyknkmrmydipjokocr,no
632,klalrzrk,chlncjoevblefujo,male,22,BE,votzqgqdhwrlmfczrbvezezm,no
633,wyzcoybz,mmjrkfwtpywtydng,male,65,BE,flubbifhqdanpcnaghnuxwpf,no
634,eqtcnndo,nnzgjbaqpfccmcvq,female,41,NL,rkzslqzgxnxuputqfzsexzek,no
635,ebiphzlr,yxskvqernuufccsu,male,75,FR,wntsacpnrsqxlymzmrivzwvo,Alive
636,hvwpmawm,rvbxnnhdgtcoinhb,male,48,BE,tqkmhpkhiugtaakvjmbzbjfd,no
637,itvuzvfl,hgvxdlyyrykfkrqc,male,80,,jevvhzontzdhwsaymbermsom,na
638,ozemvoxc,aewowspenumojbfo,female,27,BE,qyxqwcbjqvclnkexnzzhophb,no
639,ouaksjrl,nrmpxyjnasehmuzo,male,96,BE,jmepjwmulvggsfwkrnztnyaj,no
640,wwrhtlxy,meenjpnbqsbzzmlp,male,12,FR,lbtprxyjaefuvrirmydddjlv,no
641,utulueua,enxtwmwbtzedjrri,female,72,BE,sraurrbbzplfqvbaeqeyshej,yes
642,oxkmciyw,bybcmfdoybtrzolh,female,84,BE,hgazssrutmaidupbtkrggxhv,no
643,apysqlsj,iidhqiskmtckwhox,female,12,BE,pzguxauopgmyrskwbzlymntr,no
644,csjfgdju,ikbqwhphcjwxsjfc,male,17,BE,lgfxbrvpajcdshtzmegwdemc,no
645,wvjxudgf,jvxjyhpxeosaoleu,male,90,FR,davhtfcoskxpbrgxcljnycbc,
646,baodzzwl,pmrcfthfkvaucdfa,female,82,,mdcuienpkxkdjacyzkltehfp,Alive
647,aeabasaw,lqazlikpbthgujlp,male,96,DE,zrjwawgzjgywryzaqlbdnlgb,Alive
648,hjzhpmmk,bhvxhbjerrorvkko,male,54,BE,bgcgnfxijwvghcskmsifqymj,no
649,tuoyqfql,ekymqikijejwbcxo,female,35,BE,xwtkgddbjuaumiqgcffvefvn,alive
650,vmqnxmsk,yclunidtlxpflmik,male,91,BE,ndrhrexqfqifgjtjjvcirorn,no
651,nemoewtd,yqtddxpgfedofhhz,female,5,BE,nnezgonqcqtngrccehljymyi,na
652,caqawzcl,tejcnsayamjdtmnq,female,70,,guqihiudvhyabkyuggajthva,na
653,nylkzxky,jeezppvzmekjfvuh,female,88,,iwuudzpenzmoqeyxmvsxylss,
654,sjqupomz,uqlzdwnymifprlro,female,15,BE,wlfahrhwmbleknpkgurcqepq,Yes
655,tpfkuuov,wjflauderwujvzbq,female,22,BE,pedupiitagujduuaoezuiwmk,no
656,fnacqoon,nxrtrpqfttxcehmm,female,10,BE,kwvrwmzqrpfujuklmvmwzwgu,no
657,arqhwrza,ewletrfbeicdnhti,female,68,BE,lcvljguwmrixtphkgssvcngy,no
658,cosuuiqi,hnfbnluncfxubcqj,male,76,BE,qurtygdltclwkyefjgjxkwho,no
659,onqifnem,saqcufgnscsvudgz,female,97,BE,hmyillvcaxsctilyqiiidgdv,Alive
660,tysqtsph,ryksvmfsnzctbxry,female,63,DE,fvbmfeopgurvtutbddybxgpv,no
661,egzekzar,kxhkmjcevfzdmeub,male,60,BE,rppwzerdhpiwugoennozrujw,no
662,kmxapbcw,tkjoerfjpvgemggz,female,44,NL,usdxjvdcmxgscmkzglohgelz,yes
663,mzntkpow,fvqcndhgqcxlsbdu,female,3,BE,iixcbpckgzzgcjdspklekjqm,no
664,yksaoxqw,kzcexslzydzzkxps,male,20,BE,aglbjkkmlufykpsusjvnodjw,no
665,yzatctjm,ikrnildowvbhspye,female,83,BE,dkgzdlelhshjwdnqeondccco,no
666,tuyperdp,siierwdkvddomlvk,N/A,64,BE,wyvckmocxrocqketaikkuweq,no
667,empoopva,qtklrvceozvoblma,female,44,BE,pzjvsvsmjtnltlaeachespwb,no
668,alfbctgg,spppubpcpezmgmgq,female,0,BE,lcladalxmxjvlnzkmxzwnpyd,no
669,ycrgqria,xvdwisumcrwrsmhk,male,1,BE,gbcxjsislquhcmjtjalglrqd,na
670,xllaxhua,iohtfaorxngdtbmb,female,40,BE,pspjcjdmgjaqidkasgibifdg,
671,jdozxrtv,jwbwmughcraoipvb,female,55,BE,atzrfgtqnbwlggpitizgouks,true
672,nbktlssj,sogrjbzumccuyccz,female,79,BE,veovshydidjhrynxbayqywpk,na
673,usbtsgge,kzoyqmjvrtryscdd,female,48,BE,xnfnsotfrrwstxqwolptgqrs,N/A
674,ovvyqwrz,seyjqmymqymsqdjn,male,20,DE,aqgrumrjjeefpdzhqnxkskao,no
675,krgqnvlx,yknscgjgpevxcsze,female,94,BE,ynrjzruqlznhkvzzgkoyacmq,no
676,dvftrulw,jbdimqhmylworxzo,male,10,,aajknyahniviyzmkedhdvsiw,no
677,wzrwnwcm,oyocytrtupiqqutq,male,88,BE,fsuynjjuouvnyyafxiyfsefi,no
678,nquuocta,pftcighmgnmwzgoo,female,54,BE,hfobexibqmmlybcnodvzpulm,no
679,hmtjsomg,pswcctmfpxxivgir,male,38,FR,nzelafnnbpvugvmtfyrrdxjn,no
680,kywdcxvh,vonkcwqtvnkzegfr,male,80,BE,fgiruxfkbxkggqfxfbuaxsby,na
681,hsmpgstm,clungonqblaldnnr,male,41,FR,hpkgoxcbnypuogehwzhyieyi,na
682,henaeoys,ncattnbxgcgpvqdx,male,3,BE,qsgreekeufozhfqzmicyxbjh,na
683,lymwuhhi,xxsqwupfmmpvmpjd,male,80,BE,jlylviceupsdizepokjqvcqo,no
684,uvulbmlf,uufrejzytmsbcjfc,N/A,28,BE,icipmtnmbupkufhwtezwunpz,no
685,acwervxx,tkkzcigborpqnfng,female,97,DE,arqwkynqnkqkykwncjxuniqc,no
686,slrajtyb,wrcvqzldihnfqrrp,male,78,BE,zkqqxdpvsoembharhmjejrml,no
687,jfigqwdd,twtyamaggfvtauyy,female,65,FR,xdqanzjsxgjmilidtibzdxvm,no
688,rnehafsy,sjngeqfdbvqvmyzc,female,17,BE,hzxydijbeqftvsgnenunsdln,Alive
689,xdhwpdbu,dywmokfvkemahrrk,male,62,BE,ytbbpmzaqkcduapbnxfngdxa,na
690,rkivqxgn,cklspebycyqhuikb,male,17,BE,ummzxzajdqgklhakuoiqateq,no
691,klgzpqrp,fsspadrnlffrqepf,female,93,BE,avghhjzowbcracfwghenqdqf,no
692,yhrcpogd,lnlpdhgsysepifjn,male,90,BE,mjoyuadvychswunakdsuxpnz,no
693,iqvuohir,qhkuzemilchfzquk,male,39,DE,fqdonfujeavmnvkjdwpdwcav,No
694,dczcfbgn,xdqcbbgwqlvrdtvl,male,41,BE,zmtsrqrstriyqcxaxkffjdmm,Alive
695,blgqoiic,pxyulxkndgugdnuj,male,41,NL,pbntpdiqybebffhsksxtwqjh,yes
696,hgzjjekj,kybexatafpqzoijr,female,66,BE,llluasfdlsebqswkjaqoojja,Alive
697,frotulkx,yjptenbucipswofp,female,50,BE,wzflmfyhrjsdemlryjnhlbhw,no
698,ywmmnfgs,acevbnpcmgjsxlug,male,86,BE,gruezhhqrrgblgawufokvyyx,no
699,xqsrumzt,aootniknvcxxqjxd,female,69,BE,uyzwarrapvqghkfwduughwtx,no
700,koffzupu,oqdxqntfzoocfnyf,female,35,BE,anmzbiauonddwliiwyibiutb,no
701,awczjyix,mrjroossmttviwdm,male,26,NL,uacmkexkdlthsyvfeiwnxycq,no
702,rsljyelo,vlighkosdcgtcgup,female,38,BE,rvdklrnqbliziutlfoknbvxw,na
703,ncchaunv,eerubsvrrkicpsne,female,11,BE,wyttdtwzlxlponrbdwcyyrky,N/A
704,vbrciqwe,jacrymxobihyfwro,female,87,BE,kamebcryfcachyhdbkxjhxqs,no
705,fnpisaud,apforeralemmdkhh,male,37,BE,ovslpmmvunxiaskebhgsvjtw,Yes
706,pwpidqkf,dijopwoavcqsmmva,male,75,BE,shcmzwlmmhhsezhwxccweqou,no
707,pjxwaegy,aignxxzzpvicjkzf,female,51,BE,myxqabyxvkkbclkofvntrwxb,no
708,sftumgfu,zkirtvrjgmoxdgzs,male,97,NL,ceurpqnbqzftgcatiixnsaiq,no
709,dnieqigy,mahcczjsfjohehxw,female,79,BE,apihwpvsbaremaabwoepnrit,true
710,guqollgh,dbanlnepzxuyqpvx,female,57,BE,vrgmzllphtsvuegganwaioio,no
711,cjyswpch,gezbkssrkllgbemv,female,87,BE,isuoglldhehdyxdxtyjmmqdl,No
712,csejjmxd,aychfemvfdvhlowd,female,92,BE,fsjxglugtcencsncxpltostn,na
713,yjfrspsg,bxkwpacjciciftwb,zvn,31,BE,nqtnhzmigkwoqpzohfpgvkkk,no
714,olznpddq,fofqjuwmmgftiwjl,male,40,BE,hgwoninzituxsnlhrwrvspom,true
715,ionyiejv,kcxbupevenyqrzio,female,64,BE,jkczupqecnqcdbyjtlvqgeal,no
716,awrpnstp,znkimkgetmnofgqt,female,84,BE,qxksffqbjnaeuklfmuedyxoj,alive
717,wqcysuxy,jymbcfcissbwhswk,male,55,BE,gemamcsxvjhzaswhtttfsehl,no
718,lneetkgq,hmrwpzdroyjtdpqd,female,68,BE,gslmhznzqhglccddqxolcxkw,no
719,bzkajdks,nwruqkihnpdlkaex,female,80,,hfqyobjfxxstbqwxacnlcqmw,no
720,jjkxixam,jdqwrygyixstofov,female,4,BE,srabdmyhrzweqyqyngifzjew,Alive
721,gbyunejd,renmgwejctxkndjk,female,19,BE,cjvxmhoofdqbntthcfozwfrj,N/A
722,xdxaxhvb,ttphdflzbqowligz,female,34,DE,ywwvgjjhbamumgmlnxfjiaqj,no
723,hqcqhjpd,vmhclynmumakybnr,female,50,BE,lzlccssnroprjzklfwsonncf,N/A
724,mzpbsskr,ezqnlcvmgbtaifqg,female,47,BE,iksgwiqwwpgntgkcingzgebf,no
725,wsysrcun,okjcvtdgtkwhmhuy,male,22,NL,tytyktiwfvlekjfjqexizmgy,Yes
726,lublijem,oyrvcfoosczdmdks,female,41,BE,smqklcjybwsmivqwsruhcbcu,N/A
727,lffjsdtu,wokltqjrkmyaccaf,male,38,BE,tgrntlbynirsawzlcmruqleb,N/A
728,kxdtabhw,fbuwtagsloffofpw,male,49,BE,nwnjifzysqvdlusvizgkpyry,no
729,jhicgkhs,ujgsxxyvgjmdwmxd,male,77,zga,zaanlvjdplnzwthjlcizfgow,alive
730,btwmqboi,czzwobrfcedqadcy,female,58,BE,uqjsaokpxtyppulhzhsjvtpp,No
731,yddjtbwp,tbgwbcmornylysmf,female,17,BE,zpwvjqinfsaybnypzuwmmxzz,na
732,csnaptsq,yrosvbnqwkjaeqft,male,60,,pshfpmjrfbczxnhiwagjthmy,no
733,ymtnimbd,fsyyrveqxxbxkzwf,male,20,BE,ivusfxsrphxuajtsjbbmcybe,no
734,zquiqxzc,vsmappvwlgribwzq,female,42,,akrghjzkyfmqsqxvecuedetc,true
735,jcpcgcmy,nrfjezoibdbaplxr,female,62,BE,jqeyngjoeuzketgsvlcyzxvc,Yes
736,ostibfmj,ukwmevnuzlibqmiu,male,37,BE,zjxdbiupxipvhwyqaadcmvft,no
737,cmvfuthp,ljseorqykfvghkvw,female,64,BE,afdzlbxwwflgpbudcgguxbkb,no
738,sggtjswo,qwjbrnqsmwxfjppj,female,12,BE,mxqsvmzioxyiokiitimrqgdx,Alive
739,iyexylji,zzdwinfaxtugxkwd,female,67,BE,ksitgasoxoqtdoiurczxdhkd,no
740,peotvlzb,gpjcsgbiqgbiibeb,male,39,BE,vdwcshbwdpeqzoczoiznqjco,no
741,kzxclyon,pzlbcrtikikwjbuz,male,69,BE,noacqzyykcpcwypgmmxfxqii,no
742,ufwsvxrh,bhixoneangddqsih,female,20,BE,pdqneeeaqeuuuxsgzqkmibrw,no
743,wxyetqzt,drlbyjtingaedywp,female,76,BE,ctdeqtkjdlojqpjkzljhriqe,no
744,jwiwqqvu,xlykdqajzhlmfcry,male,65,tgn,awfrgchlkyinekopvhlpmgeu,no
745,canlqiqk,yfbnzzouibsdihbp,female,66,BE,bxenuezuqzkbmkpdyiphdrex,No
746,fwdsdoco,txmmcbwececbiytw,male,60,BE,lmsbsylvjmzgdwjqpcktxtqs,
747,iqclafri,cbaxhwiryugwemfy,male,25,BE,hsuyuqpjdnlwkwniuzcrnffs,alive
748,bizuiwmw,mywnedwzhupdwspc,female,64,BE,peysjvabxhvpjjnozxrqogah,no
749,dufwmniv,qonhjzoodzldvrky,male,44,BE,errjibymjrsrpzbxytjpuxih,yes
750,ksqgxmzp,xerminugkejpjtcw,male,33,FR,ulryezcxgcenzepvaliggdzx,
751,pfiexbuu,uopviygezzbhbidj,female,86,BE,wxvycpxnmawihczxhidolyne,Alive
752,dnyzfapu,wjwvciqjmumebcfp,male,62,,syjytvvpatctjwxmgwrxmaxn,N/A
753,ixvlbumy,kcdbxefxqarvnvyr,female,31,BE,iolchewxqpnjfmfaujzunquy,Alive
754,ldmrdymz,yqxsyaslkwjcbobr,female,77,BE,defwqixmofoddjrummskylwr,na
755,xorcbzpd,upoykmyxpaadpeuz,female,94,BE,chqmpukzsculiftwegbrpzgl,no
756,xlyhamdo,kqajjjeihebpermi,female,22,BE,ffpghjdrqzacrfsvqogvzzet,Alive
757,wlhrbzrk,gadeuiyduccyqrjw,male,49,BE,yuoufjnyuqjlilenwzyqqucj,no
758,qovhwvyi,uurgakvvfnesvllr,female,20,FR,ilerfwyyzwdvrixmydxqdpqi,alive
759,npndtcnh,ffdgiiqsgiyrbvps,male,43,BE,arxdikzzyuvftwdkwxroxjlf,no
760,qiezubbi,wnexpegwresxisrf,female,72,BE,rxgfgmtxrbcaqgkjrbvoodmv,no
761,qbhcdeuk,onxhzzyzvdtswncs,female,40,BE,bbihunjuajqnnuejrwwfyggw,dead
762,zgvxvhwm,xkdxqzvrmfzghyip,female,33,,wvtimaxprrwfgwtgbgcziovq,na
763,cfqvtaao,folysvtriiosmvrf,female,5,BE,yndkcwmhnmdvunqoglxyveft,no
764,jqkibtjt,ondwvhvgjafljptb,female,14,BE,mrzkkpnmtqzrvryqrevwtyei,alive
765,zbcnvkup,pycykwmopknpykat,male,75,BE,zlrzoxdohiquvwawqsmuxepw,no
766,rteugpui,rrimxtwtraslzcdw,male,6,BE,ihjvrjclhyijtzswvvqwzvfz,No
767,kxckckkj,kgwsqsjwzgrrzxsp,male,35,BE,ajvpvlzybpemmmszfjimuopb,alive
768,jlrzzjcn,ybpgzzmsxzobolua,male,14,BE,kfeppwclzwwqtebbzyjmwmds,no
769,scgjenmj,zevfwegyfxhmechj,female,47,BE,ruerbtwvrkdkwbhobewdjeuq,
770,clrquops,siuajxlrxntrabde,male,46,DE,bdkkmhoglxphnfumjcvrtcuu,no
771,wponiovx,jgunmbndvkwvtjlh,female,38,BE,rmrajqocvztjnxwmfuibtqfz,no
772,wdvmgncb,aynumoiehvcyoodm,female,51,BE,fouxydlivmzgstwxmhxmflzu,No
773,tnoteorg,dpjuifrzmzzrvtle,male,5,BE,ghrkwchfxojvllpzknkxudcx,alive
774,yeeoqlxb,flgsqdesegaklkvi,male,92,DE,cwovdtqxfjjuiyvcsbcsgmop,no
775,kykwvbjx,tyavmakxekzqriln,male,35,DE,ntpemzasvogzxxrbdhcoippl,no
776,tejkwkxp,imxupovhqfkphoyo,male,8,BE,zbxbqgxknsczpqxmdabsccdu,Alive
777,szxowfce,karomhrokgohpahl,female,46,BE,lgyoxxbtbiswiycaxwnwsghs,na
778,krnfmtfv,ucbsbfvtvhgpqyip,male,69,DE,amozvizdbudpigqaahrpwbsp,no
779,tkhoirog,hpjfzvjszvnhnvwn,male,80,BE,cnbzgpgdafkflclbsvedpkta,no
780,gmpavmsd,bagzakecbfraqfai,female,70,BE,rsznyiyiemaffkdbqhnbymin,no
781,qknargyt,ifstsivrrhntabza,female,63,BE,serngglhatuhmzplygigraxs,Yes
782,bbromccm,tvyhvtwysogbjscv,female,84,,yisermlmkohunlabezbbeavu,
783,yzrxglmv,okqluzjsrsaeipma,male,45,BE,fjmoretdcpgdzgytjrrgcews,no
784,mavhshjh,reemtwgclkbykdcx,female,51,BE,tolewazdhmizutirvnumbfzv,N/A
785,rbnmqhmw,wbjrplaxuqqkoyja,female,58,BE,pcbanauqbvwblczvwlrcbjtl,alive
786,yerofjhy,vniikuvehcuhfnnh,female,30,BE,hzthrvnymtvkqxbgkjefntnj,no
787,mpueavof,opsbapeslcpgjhqa,male,66,BE,lesmlnbmjykgubihailvcxru,no
788,nzcqyxpx,xnrpglshvruxjuzk,female,2,BE,injhiyroflsejgvluqkcwbrl,no
789,mtkppbzc,kusohlkvcwqmhlhd,male,48,BE,uttgrhqpklaneyanssljznmv,no
790,odmnhgea,elubqegdtrpayxix,female,96,BE,kpuovsiiexpzhqevuljoiuys,no
791,bbexirqt,ltykgpvcdhiugldc,female,13,BE,vcwpysuxittvmsymeaxpvwmd,No
792,hdhhrjaw,kmaphxgengsbcujy,male,70,NL,egueiekrstzzppojvjnkborx,alive
793,nstlbsql,arqlfwbxnpoorycj,female,47,BE,iypspqwidxxnipxflupvohba,no
794,ygcjmxxr,hbwczeuuhzqcpitz,female,65,BE,jkllykohrogiupwajpwsughc,no
795,phckevmh,uyhcvoxwuiffpjkj,female,10,BE,vfeghlqwussieayrxaazzqwx,na
796,dkatzujz,xtogvlfqqtotzaxk,female,65,BE,qalbowqfxyzhgkjvqxbhpfqj,no
797,alqouffk,qjtqgwpbxywegotx,male,44,NL,udedcpjpjlcaobyapfdeixwo,yes
798,ehjcugjb,uxumsrjgldaaefiq,ezs,40,BE,usirillzhfnvqxxptkornxfq,na
799,qucrocwn,crrmvfkyrbukjjic,male,83,BE,ezwkgfeyzaeuoxkkafcoovkt,true
800,unfwyrxc,ycpocpbkegnywslz,male,9,FR,xdejqtutfidrwuabccklvinp,no
801,nzxnyrjo,cyhcqzlcxxlcjpud,female,79,BE,xnryoxtlstbjialqmkhraptr,no
802,vwrjxxiu,gjvdywcpcdpvukkn,female,76,BE,ijtczkytiwormokjtzmqrwbf,no
803,mhsandkt,txgxgebesuraptxo,female,88,BE,cahtotbrrhwoaxxcktwlnbyb,no
804,jkzkmuei,ggcsbuagevduccyz,female,37,BE,pebwlqanquztowtnbfpfuxkb,alive
805,vkebazfl,dpnoimrmyphaeuru,female,33,NL,qagtpjelbedwwawwszffcefs,na
806,nipiklkl,ttmosgmdieysnstr,male,55,BE,vakrrtrkgdbcnbkyhqwojqqm,true
807,tzyhrywy,zodkklirxwfnbgzt,male,30,BE,nzywhtkxjlhpxesqwzbuputa,no
808,dhocvtli,snbvjsqhyjxwugkb,male,2,BE,tshiexahmvtxjgbblzlirvhg,no
809,ekczflwx,ovrounqwjrlzxmwb,female,17,gfe,wujfotsnowpgmeomtxxpsmce,yes
810,kqldjzso,tgjyhpocipxfgrsh,male,66,BE,yhsozytwbbhmeoyjgxmpqjtf,no
811,ckbxrrfx,eopxtsolhqudfolr,male,55,BE,pzgxabyprhvaoaguplpmlvlv,no
812,rcwdvehg,vmqjweagtpxpjjcs,female,90,BE,sutvdghtmiytrcvsguchylny,true
813,zihvmdeg,blxgjllxtechnqhs,female,76,BE,kezxuuxlkjysrkbbpuwnzpdd,no
814,fyzqmikz,qmxwbsoveiuehemw,female,23,BE,sgqudfwoooithziojbmqaqiu,no
815,yzasfawo,uwpcjtwpojspujne,male,6,BE,vcunwpsgjidxiscjuqsemfqp,no
816,njikrlck,abqqptuokojyocpt,female,4,BE,rofymwtyagtfqagdifcpydgq,no
817,zioasldr,uwpprpcmhwshiuis,male,58,BE,xvxkpdszdulfeffztmsfuzlk,no
818,lljabtqh,uiohhulmaqnmxzhd,male,22,BE,mqcvlwptifurxrwhhovthjfu,alive
819,bmipkhbc,xdpstlzfxsxwlbpx,female,48,BE,zznwpggvowytyjvhayjbmnvj,yes
820,tirljshc,mivcsujzhpxkrsoc,female,71,BE,evbcxrcuibrwimlnwwbqofod,no
821,mgjorozo,yalhootghtdaegye,male,81,BE,wevvpywaoqmyngwjkexzjxbv,N/A
822,jnhedyhz,bedxtawivfarvvlv,male,58,BE,zjyixsanewosamhfmkspiyxx,no
823,xtxvwyal,hhfyrgjomeitkoie,female,29,BE,jumupbutvduvexnvgswaumqf,no
824,ibddgkwq,padkjmecvzbhsszg,N/A,95,BE,eldgskyodewzwjrqamrqaomf,no
825,wezlwhro,iyvpcvgmbocvsprv,female,38,BE,wqxpvwwddufavhxgbrxqxwzq,Alive
826,dhogohxw,xedaxppvrznlpfmo,female,87,BE,zpinefwqthqqjnudwykfrocf,no
827,nrprumyp,lpvsauovnkwcqqqr,female,90,bpk,zkbyzlohagcmjwvmkairzfll,no
828,owepxmej,rgafzrabwcagztad,female,81,BE,jntpryipnppoxrrfnxgzylnu,no
829,kitugtrx,cndlovjwqtlvjrtp,female,2,BE,zxuaytrwgymsbucpsngdhais,Yes
830,duykvhco,uiaijfpriuysyinj,female,37,BE,qtepfpweuiedswwxeztzpqfw,no
831,msrrbpsq,ttqxnbcamnzynwfx,male,28,BE,scyftyaknrdnfxxvirlpxvbi,no
832,eqopzwsl,yunzvrtzlpjdiykl,female,8,BE,zdapcvvnwpkpqpkvjmlweqvb,no
833,orksmuae,pnjmxoszdnxjbtgm,male,68,FR,cvgsvbbzsberunbmnurfstdj,Yes
834,ckrcslaf,xiwcfsbzekhtfjzx,female,25,NL,ndloiqzvyrbdhkkcrjuphlmc,no
835,kpsnqcos,wnilmofwnmnnrfkf,male,19,DE,uhenapidfrmlgzkqrdyoszyp,no
836,qrqkljxu,cmxkckbwdrikgucv,female,78,DE,juhcqkpqbwzsijwopldxtvxb,no
837,lfsnuorn,heualtrvbseqjqzx,female,67,BE,cwfuexhoufqmnjrmyjogdjzi,no
838,eoxfsnlk,tjfnlnyxvjjbciow,male,52,BE,qcanpfrmosorvlivgaeiskld,N/A
839,klzeixpl,wnoyfwnoygoamitz,male,36,BE,kqqwmpokonvsipksgfemfhvs,no
840,qlncajbd,areeworqvtjnrzki,male,51,BE,cnzfwrgbatbsitkyimaqabja,dead
841,xmvrlbqt,lfkzygerxozomxoo,female,26,BE,qsxfgeomdsbjtckgftkbqhcn,No
842,vihwylkc,wbyjiikdteoikefd,female,19,BE,likjveoddvbaecygedqnahzt,no
843,crpsracb,sxkjgwdoyjfieklv,female,5,BE,pccfgqernfeldcowofwcmpxw,alive
844,fjdsezdy,jvqflhwtbnueprkf,male,16,BE,qpknsykyfcqfdfiiahoeoemf,no
845,adhvpzor,eyuvklmgubsocgng,female,69,BE,mrjzlitzahngllacgncbqgfm,no
846,tilgtyxj,ttgfzluuctexsnul,female,5,BE,uwdhyjokcxevopqklfggobax,na
847,vozkwfjj,flzmevoqzmbxmkvi,female,29,BE,oekykufzcceuxtkpsahqdnuq,alive
848,jlakelmr,mmcrfompsacovqli,male,71,FR,ltjljbcoonmqqxjpumnfbryl,no
849,drqmovzi,paisjmceccayhyql,female,62,BE,utpgprsunbgxumtwasshludv,Alive
850,ppzqoblg,bkepsyvzeqhssavg,female,14,BE,ldzrtdncbgcsyfrbbawcwzxn,no
851,ssmqkoqp,gzcvhqriuxupdvuv,male,32,BE,dkmktvtwcjulbuqrhrgjnqzp,no
852,vtdsofzq,euocyvithaclxtqq,male,40,BE,eiqemmxtgspdetcxpsreshdh,alive
853,sqqcthnq,wyrtczeomdumpltc,female,92,BE,glkjaciqbapbaowzltrkmltg,na
854,gkxofnma,lqkgljmdzbkrdizk,female,18,BE,zvtezdkxiqztcdmayqwijxoq,no
855,qqmtilad,ioshazysrhivqqgu,female,62,BE,nzaelghzeitjsthcmsxiuckz,no
856,ycfcbkox,jyvscyglhlhgruuu,N/A,72,BE,crhjcmtzfuxvmhjkmozjxugk,no
857,uoqekulr,hzrwepvfzfcuuqey,female,75,BE,zvrlrspsbkuolusxiwvetlhl,no
858,rweqfqht,ahgqmyejuukeemyw,female,26,BE,fovqqdlvcdvanqqcoicbmoyf,no
859,yueopusx,wzfzssnhxqysjaxp,rte,13,BE,nniezhummadixpnfhvdsrhez,no
860,ixjawcjv,ddfhilwutomdnqyb,female,90,BE,iyckgdhjnzmtytchpdcflepn,Alive
861,ompgraql,biphijfqtrlchnnw,male,44,BE,yvhvaorebxzwrkoqihbhyhcg,no
862,vnknyjvv,urczbhsybcztunce,male,61,NL,qrzaprvqglmwksadydxmfidh,alive
863,jwkszjgx,qeiiumzxoubjhwsj,male,40,BE,otyyvmsddiyzicpcbypbuvwz,
864,vxaxrcny,exdyhqrpaszqxhqy,male,76,DE,iraujjtzsbdslzlutyylnjrp,Alive
865,oafxnafp,slzzloylklvciqxf,female,55,BE,ugxymwdvmwviaabovhzlprlk,no
866,nzomprqn,wawhxnvyqziqumib,male,67,BE,tmagrjcbmjjvzkzeomxpimxy,alive
867,adjedata,qlvotayozudszywe,female,42,NL,nqevksqberjrbslifoulydhb,true
868,xxqlfqes,ebffbvgvrtkydmyw,female,92,BE,swuupcscoaohyzimynutpcvo,no
869,jqumfprl,uzhbeykohseizzcd,male,44,BE,ubuqizfpifrmydfwnwptyvhx,Yes
870,llzyqrvd,ypbtskxtzgwdjhdz,male,45,BE,uyanqyzbbyqeilpmqvuklztb,No
871,zjvrhnse,vwbpcptufkhnutlt,male,64,BE,hbyuypazlvvfeogiwsmvvmzx,no
872,joiagkbo,pidnlubczodllbjq,male,0,DE,hvnxnrhjwvcantfbrzxzkjdj,alive
873,uoqhzyae,azlnmanahyutxyvd,female,85,NL,zqxeglslquspiandnxbpidit,Alive
874,ytqjogyf,gkkrimeskymtwrpk,female,62,BE,vbocdevrvcfunmfgfueiandi,Alive
875,pnuzuhzq,vfmavkxdmglhpwwy,female,64,BE,juztrwajydnvescswkkpgyjm,no
876,yorxlyau,fkqiivetxesfipyu,male,68,BE,grlxpejjjgeykvpjrvssinyk,no
877,zcornxyd,nsnsygtpsfxewacn,female,50,DE,oxqcclbcyzqnftdkjnedwahi,yes
878,hxjazlcv,wseznjrlsfqxtqxs,male,37,BE,lcoyvmknvhktqacgkbdmhrdp,no
879,uzsiclfs,auzvltgwwndadqxx,bit,4,BE,zagxpfzuqtvmwkkmllyocyvp,no
880,idtepiyc,uqtgtmmmxvxdxkps,female,89,BE,ivvdqgkpdvnyummchpqxajgd,alive
881,inbakmro,djalccmuutnzsroi,male,9,BE,blcwwebnhhottucouemwibim,na
882,qqnqafnx,cjeydhoxvqnwabxp,female,88,BE,urzygztrabwfinkcuvjukjqx,no
883,taqfudkt,vgcuxswtnxmctvjy,female,72,BE,fzafdmukfdreqzwibpoxeqnn,no
884,jounzhyr,ppznuldtvijasdzg,male,67,NL,ftchwucpyxpuaxduihujutzf,Alive
885,vqpjtell,sjzpnuvnbpjzytlg,male,83,BE,swtdkyeleksjzipfciyochza,na
886,rfpxzkzw,yucypcxnbvpldiog,female,5,BE,ykhmdyoerggbuvnbjgzbwydu,no
887,axutlutw,erziywxqfltgrlrz,male,65,DE,sezhztekowaknpijmmfumgqd,no
888,wipfqkdl,pgbvuldlhvqpxtad,female,72,BE,xwveppobpeabdzlkhnfuuvwu,Alive
889,zzjluzzh,iniiczjntfumvxcq,female,46,FR,fkdfjttwqgdbmdzekzctnmwn,no
890,rauodvkk,elofdvnywtaopfgu,female,31,BE,xxcvwgjxvffatfuhhouvcfvo,no
891,qzmtxwnb,qydtiepaylvgppoy,female,52,BE,xkvcfncvxciaignsmdkdalrv,Alive
892,wgzsjccl,bvhxlxhwavzoooji,female,73,BE,dfikgutzgzvtbgeqhrgpaols,Alive
893,tdjfsoot,zbcizphytkajdtpg,female,3,BE,zhtzvxbjwpvwitkucalawysi,N/A
894,zsjizkzr,ncywpyrssmxvqhvr,male,65,BE,ellfvxrdbmatsjzxhownafrn,no
895,dknmyxbd,bwugtzwikztqcnbw,female,24,NL,sjirefnvvbslibbqsgtuagex,true
896,vbrdodoc,qretqslwhazxyzxy,female,61,BE,dzbnidvdzyzxiryjtzcljfdu,true
897,qrmhmbpm,xhymtunafswoblxy,male,49,,wdrsmbodnnizrrujoxujgxfg,no
898,pajfhlry,kwupbhxcorzokfhw,female,28,BE,nmmwklqqadnoibeyeworixyo,No
899,jsgtpuch,xwmroytehjjokobv,male,62,BE,viiddemfsnhwsygakffhthqm,no
900,fetmcjak,felkrrerlrbakutj,female,98,NL,sdtaemaqdtvdkdoxexzkceju,no
901,vooqthir,qxlxlgowvuoekxxp,female,58,BE,qaxqtjrwdlajmzpizuwfgbzs,Yes
902,oudfayxp,cgbolshqrnwgaxoz,male,34,BE,vjmhvnzsuakrdayuaduaaiwc,Alive
903,venuycgu,jrvhkeefjtkdqefe,female,61,BE,paicdangokywxjdsyotlgdfs,alive
904,wfsnzszp,fjdomlmlguikyfrj,female,0,BE,zjfedkppnhwfgmcrdixzmvdh,
905,bniulyin,fetmvhkblksqkgyj,male,25,DE,vsnxdslipxajgkjoozkscepu,no
906,moaqyvxb,uxsiyiosuveoplng,male,23,BE,losptczqlocwladojzzzitih,no
907,vlzqrltg,esiowxnltpephedo,male,37,NL,jtqxjlnxhitgycwxkywwviug,no
908,jwjyaxcp,xwlhgfngkjjdfplp,male,75,BE,ddtsyaatssrfbamerkgzzgjg,no
909,qzsyzrpv,vvcxnuswtfmqpoob,female,18,BE,hgggmhlsinswsuvccvgaorvw,no
910,qsocjmzr,qkxqxfripoqistyr,male,95,BE,lqmwwwcvrbdcyibaasjafzpf,no
911,fritgigq,ptevddotkiuvwmzi,male,57,BE,vpaxcmqdcxquhuqukrdqeigt,no
912,oglfgwpu,yimjoqyldpyepbzi,female,26,BE,ofqzxbguirpipezrcdmxkwip,Alive
913,fnrqbyjk,fpehdznanfsezrkm,female,52,BE,dcdnsnezegxkyucdofvpdfdg,no
914,adomjbjo,jnnuijztqccegbwn,female,0,BE,zzmoyduyieaexogqoqnqroom,alive
915,fhgjbbqd,zvzwldpjgezhmktr,male,44,BE,irkgbcxnrrjgevvjcrpyvlqu,no
916,gooeejep,relsfbrzxtscptjp,female,4,BE,mvtybsiwyjbqooukhrgsufxl,no
917,pwekhrfv,ycfzbmyziqugvsdp,female,76,BE,lugzfjqbcixryxnrwyqyumow,no
918,udupydth,hwcowmifiotebbvm,pli,43,DE,mcyevjrpyzepjwekyvrtmzjb,na
919,vewzjngi,bcsbcxtwbwvaylbr,female,93,BE,ynyxkcllixurfygkuazkjroh,no
920,einwzqrm,wsybuahkmervbxal,female,4,BE,mzrhxwjefwbdvgjgdhibgsgb,no
921,ycfsyxci,nojibnupklvzfviw,female,22,BE,dpycdbpptmmhjkcsafxxeoea,no
922,dfhoxsun,fpylxjxxfuhbalcn,female,5,BE,aryppnzgpjccoukfoaeoxdkv,no
923,oexbgfgh,pwgojeitimayncnf,male,94,BE,jvstwpgbzsoxtbfekjeoddyh,no
924,bhabtudn,zlfpgrrcvydjmjsy,female,9,hye,soipdcehwmetxhycwfylseic,no
925,fdqbrdpw,drgmzpttmfdnahyf,male,94,,dozojyotpyevwunbjhlcxxxa,no
926,zqnoalwv,hkoecbbqwofpvulu,male,82,BE,qdhfckixiehvugxwhjfipyjl,alive
927,tqymyefy,hukpecvgprhfmkoe,male,87,,jenyvklnhtktvxnfdtiuaisl,N/A
928,rlsmbjkm,zqdyzaelahnmufxn,male,11,BE,ftadyyiowrifytquebyaduei,dead
929,zhukxxym,aptdtqzpicyyzrmv,male,5,BE,qudlvlralhjrzntbfvqjnvon,dead
930,ztgaizeo,anlxltcklmlbwyxh,male,7,BE,vxzvlobkctgjxbetzdzspcje,no
931,ebdkibbq,epqiczigaxlvzane,male,20,NL,qjpnclqnfdnyhzzlbtxpsqvr,alive
932,wqzgrawj,gbkuxssgijhfbytn,female,1,BE,csaesisnifimoanmfdyzzwko,no
933,uoqoceda,zdqfyxloeeapkwvw,male,0,BE,axiqntzixxcrofsedrpzrwmj,na
934,lexyhxml,tqawbhhbhysvwxpz,female,29,BE,drnwstmzsqkukibyucqhhyhq,no
935,pmrgszum,agrmdlwghpllesfe,female,2,BE,hhxtxelnxunhnewdijvsjzih,no
936,lemoyrla,hdmjqgybzxuwvjvd,male,63,BE,srlcphwptjyxumvgmjwwgzjt,no
937,onhflyfl,lsaqfkohsbhuwokb,male,85,NL,hbtzybhjgptifmrkzyhuvmtv,no
938,clqqvvbe,izpzegfdobcwcptm,male,39,NL,jgdyirksbqcmlhpamhchhjog,no
939,sglipjgn,sfhjggjsbfvlcorl,male,73,BE,onokdvpynytzttmyfklautki,no
940,ynczmsib,zthbyfgdwhfnllml,female,80,BE,gmlmrgicxqlrzlldbquexllt,no
941,sydhnrut,iuyjkposragbrzxp,N/A,29,BE,mifbbosgdxpfqkxicptvqnhr,no
942,yhkganpl,sonkpcuoohjnmcix,male,70,BE,nevczlfbufxunyicxgzbusfj,no
943,fqzrlytq,mglvxnnpywfyazve,female,38,BE,sryjbsmedgkumahxpouvdczg,no
944,vxlijydh,wncvxziczdsbafcp,male,41,BE,xthrmcakyrbhoyxpfjsvozij,no
945,lvnxoemm,wnlneujbrnkcnbxf,male,83,BE,xjehphemazkktaukqjxrsmgz,No
946,fomsfxsm,qowsyndqrrtnaryu,female,71,BE,lixourzxxrlelwtanyfgeven,no
947,hkwbdqjh,hdrzvxhpkgagdnzd,female,21,BE,sunjxjloafxhmbrxdkabcaij,no
948,cdpookhp,xnqnfkmggjrxmqvd,male,74,BE,dqgdywdwewrackynwljvotny,
949,pzeyqylf,ejftmwobkyutubqq,female,15,BE,xwdozgorwqcynxseiogotfid,
950,oojbqxkx,viinhsfceterjvjw,female,98,BE,gcuwnihwngogdfutiendmquv,na
951,thcpujgj,yhvvueqalkjcvosn,male,72,BE,pelpdykkkydjofipdatppdto,no
952,vuleeqbx,kvdhcaedpriyekfu,female,79,BE,hratqkawwpqseagasafkzehm,no
953,cyxuyssj,qcserjbquwmbqrwo,female,47,BE,vwjmfsvmajqzclnuumvfjtyd,no
954,iyvkpwgr,toeizohhxoxnfsqv,male,87,BE,ibtcbdslzooriyikngxsqyjn,no
955,zeeiitcx,jyqyqvuooowjigfj,female,72,BE,tzjpgjpzpfulkzasxfmcrsmn,no
956,useokbbi,oxfmdybzcsuagugq,male,54,BE,ftsjgulmcyfyxkwztqurievh,Alive
957,bkpnsnjo,xsauflmprhjxzrax,male,69,BE,yxficloyndszukbeopkayqyw,alive
958,dwkurekc,ozdmhhlchtlmsrea,female,77,BE,kvhqqcrrziumghwowjvmrldb,no
959,swhaveoc,lfsiggdfymyxycot,female,17,BE,mttfcfpveulcgvqzylutovpm,no
960,xcjfwrry,nsdthlnszqrxsqtf,female,39,,miyrhecxvbebpflycdlqtrsx,no
961,lqtupieb,sekwhcdujsfanfth,male,14,BE,ojqdajiemwaxwtcebhvybyxl,no
962,hsrzbylk,vnhziponjagtdlnp,female,56,BE,ilfzimqrwbwehzvisklenwuk,no
963,xemtprgh,omvzywqunmyiccwn,male,98,BE,opyvjasgtlqfmzhkeflzbhpa,no
964,wkkvqpjj,gdazebwgfdzwyxss,female,38,BE,kkdvlsvqgmlzeupjfljbirof,no
965,ljvbrruc,kjjswaofvssfcadj,male,63,BE,xcmrpdyxawewbkockeyfmqgd,alive
966,scmmnkes,ewlwzlfqmbthwwrb,male,3,BE,hveugvswawyqupdgfdqgpiut,Alive
967,ynqxcjap,lhhzvxnrgcwisooz,female,49,BE,rnaylepppxrleuymrooeoejy,no
968,ffzgtisz,oicpjzswepzkbvth,male,92,BE,fxtuqeqhffqmgionnbrijjxp,no
969,pimubako,igovhsedxwjujsph,male,65,BE,kmpkpnetqxxutojojwlewiju,no
970,aiatpbbt,eajgpxlydszocpsv,female,22,BE,zllhadnccjmtwqbcddzyiuhv,na
971,jkgwajmm,ztfuyhriglvhhyzh,male,93,BE,eddlmshegmcpasieaduhdbgz,yes
972,kygrqsww,abgliikaavsyndbz,male,56,BE,lkiyonneictnncsizhlzkrhp,no
973,knwawvlr,fvcndjcvylfxoysu,sls,38,BE,cfatrwmmleycyewsofnrnsvn,yes
974,ogmyxuum,skykitpxgwinjtki,female,86,BE,nphauacmsvxqemttlbyfvthi,no
975,lazvdill,saicmxierrokcyij,female,54,,ybevhqmfunugfgbmoxtppbxo,no
976,zgmfmgnd,kpxtyxalrmpknzsy,male,90,DE,oohwqsudawcfitxqsnyblkmo,na
977,htlvgudz,iospooryzbcyqlgu,female,0,BE,xsagfayqeszaaixjrgadfkhh,no
978,awgcrszr,wqkyovxjemjcfgio,male,22,BE,aioifnwugkohjgxbtaypicdx,Yes
979,dubtrtgl,ethxjwsvwpvktylg,female,11,DE,coqenzrawsksphdxncfflxbz,Alive
980,piqiejna,jnbaeumzcilvulcl,male,33,BE,ngaujsgsldjblolgjcumtzcr,no
981,moffnamr,gqavdrdllizmzafy,male,40,BE,pclupicfqapxxukuquuceczu,na
982,ojgmzcan,vmvoteewsmnuxhvk,female,14,FR,beeybdsozkbmudtjlzgwoicq,no
983,zkqwsdmi,dbdafilhtljdcmrx,male,28,BE,kuorhwngvqctvkgumkbmlscm,no
984,wmohqfnt,dofdefgxpbyxqmtj,female,19,,msztkvxiaherhmbumvrcfwsq,no
985,ywwzofbt,innetcyduobdisqp,male,15,BE,ojlhrujyteduuqvqgsgmrccn,no
986,inqbsjoh,bosvmefqsalkrsmn,male,78,BE,oubgewgbvtoarrovmzacomhi,no
987,kpurqswo,olpljkbjxgnizsvj,male,0,BE,iwdxkhdjsfqwzmqwjtzxijpp,no
988,xwhpjpog,bijpmwcvbwpojcrn,female,65,BE,yervpixvwpcyncnjowrjrkvc,no
989,ivrbnvms,mqvshnewpqdyujmu,female,5,BE,zeqtvszgoqhcwwztqmphlvdo,no
990,afgliryc,qsuyrmpvvswivazf,male,56,BE,nasdgtuxptdamcxuxhuwmglo,Alive
991,mrczsvzz,ucvjlrvqukklsnow,male,76,BE,npvnrfyunkiysswbvggcrrie,na
992,mrztntfc,baghkiszcxtkvwun,male,86,fjx,gtlsjtehonddechwsahqqytz,no
993,nvnwedxh,rnlvsaahjwxacanv,male,16,BE,ybijmhdzyphppmoueszdcjnr,no
994,tgzethoz,ocmxjcrshxhvsqzn,female,46,BE,quuswvlpcxyexjnxbqfqpmoc,alive
995,qvghgmwp,ugswpvwipuiemqde,female,33,BE,coejvsvgteiwqsxwxkjnqcqz,alive
996,kkkzkbjt,sdypvvkckcizvvki,male,5,DE,pmhcrzfkwtjippuzwlnppphl,true
997,nwoczwye,uqwktopayvhkgoyn,female,94,BE,wyccdoscsefdamsbihqfgnkc,no
998,svegbufg,hvkqezpirvqsrzan,female,46,BE,durpblrtdsxdammisbtngydc,yes
999,rjstyxet,vklgwcoejqodnlzm,male,14,FR,xhnrfsoqohpervphhgrumdal,no
